nohup: 忽略输入

===== [2026-10-03 11:23:23] SELIX presets with NQO off, one episode each =====
3 episodes: selix_dense@2001, selix_default@2001, selix_sparse@2001
  arm selix_dense: fixed:off/dense
  arm selix_default: fixed:off/default
  arm selix_sparse: fixed:off/sparse

[1/3] arm selix_dense, seed 2001, repeat 0: index of 1000000 keys built in 1.04 s
  step   0 A   off/dense   r +0.129  job 388  ycsb   2000/s  c_idx    831 ns  mem   24.7 MB  cpu 1.07
  step   1 A   off/dense   r +0.189  job 400  ycsb   2000/s  c_idx    834 ns  mem   24.7 MB  cpu 1.07
  step   2 A   off/dense   r +0.187  job 402  ycsb   2000/s  c_idx    846 ns  mem   24.7 MB  cpu 1.08
  step   3 A   off/dense   r +0.164  job 390  ycsb   2000/s  c_idx    876 ns  mem   24.7 MB  cpu 1.07
  step   4 A   off/dense   r +0.178  job 389  ycsb   2000/s  c_idx    857 ns  mem   24.7 MB  cpu 1.06
  step   5 A   off/dense   r +0.185  job 400  ycsb   2000/s  c_idx    845 ns  mem   24.7 MB  cpu 1.07
  step   6 A   off/dense   r +0.202  job 405  ycsb   2000/s  c_idx    838 ns  mem   24.7 MB  cpu 1.08
  step   7 A   off/dense   r +0.197  job 393  ycsb   2000/s  c_idx    838 ns  mem   24.7 MB  cpu 1.06
  step   8 A   off/dense   r +0.195  job 381  ycsb   2000/s  c_idx    806 ns  mem   24.7 MB  cpu 1.07
  step   9 A   off/dense   r +0.195  job 402  ycsb   2000/s  c_idx    841 ns  mem   24.7 MB  cpu 1.07
  step  10 A   off/dense   r +0.198  job 401  ycsb   2000/s  c_idx    840 ns  mem   24.7 MB  cpu 1.08
  step  11 A   off/dense   r +0.189  job 390  ycsb   2000/s  c_idx    844 ns  mem   24.7 MB  cpu 1.05
  step  12 A   off/dense   r +0.166  job 385  ycsb   2000/s  c_idx    863 ns  mem   24.7 MB  cpu 1.07
  step  13 A   off/dense   r +0.179  job 390  ycsb   2000/s  c_idx    850 ns  mem   24.7 MB  cpu 1.07
  step  14 A   off/dense   r +0.185  job 398  ycsb   2000/s  c_idx    861 ns  mem   24.8 MB  cpu 1.04
  step  15 A   off/dense   r +0.185  job 396  ycsb   2000/s  c_idx    865 ns  mem   24.8 MB  cpu 1.07
  step  16 A   off/dense   r +0.168  job 387  ycsb   2000/s  c_idx    863 ns  mem   24.8 MB  cpu 1.06
  step  17 A   off/dense   r +0.170  job 392  ycsb   2000/s  c_idx    866 ns  mem   24.8 MB  cpu 1.08
  step  18 A   off/dense   r +0.154  job 400  ycsb   2000/s  c_idx    927 ns  mem   25.1 MB  cpu 1.05
  step  19 A   off/dense   r +0.097  job 388  ycsb   2000/s  c_idx   1060 ns  mem   25.7 MB  cpu 1.05
  step  20 A   off/dense   r +0.172  job 392  ycsb   2000/s  c_idx    929 ns  mem   26.0 MB  cpu 1.07
  step  21 A   off/dense   r +0.164  job 391  ycsb   2000/s  c_idx    955 ns  mem   26.1 MB  cpu 1.07
  step  22 A   off/dense   r +0.197  job 393  ycsb   2000/s  c_idx    921 ns  mem   26.1 MB  cpu 1.08
  step  23 A   off/dense   r +0.200  job 396  ycsb   2000/s  c_idx    916 ns  mem   26.1 MB  cpu 1.07
  step  24 A   off/dense   r +0.194  job 395  ycsb   2000/s  c_idx    909 ns  mem   26.1 MB  cpu 1.08
  step  25 A   off/dense   r +0.193  job 394  ycsb   2000/s  c_idx    914 ns  mem   26.1 MB  cpu 1.06
  step  26 A   off/dense   r +0.217  job 400  ycsb   2000/s  c_idx    893 ns  mem   26.1 MB  cpu 1.07
  step  27 A   off/dense   r +0.236  job 383  ycsb   2000/s  c_idx    845 ns  mem   26.2 MB  cpu 1.06
  step  28 A   off/dense   r +0.210  job 385  ycsb   2000/s  c_idx    868 ns  mem   26.2 MB  cpu 1.06
  step  29 A   off/dense   r +0.212  job 390  ycsb   2000/s  c_idx    872 ns  mem   26.2 MB  cpu 1.05
  step  30 B   off/dense   r +0.295  job 230  ycsb  16967/s  c_idx    581 ns  mem   34.3 MB  cpu 0.80
  step  31 B   off/dense   r +0.111  job 225  ycsb  16719/s  c_idx    724 ns  mem   46.1 MB  cpu 0.79
  step  32 B   off/dense   r +0.209  job 227  ycsb  16823/s  c_idx    642 ns  mem   51.9 MB  cpu 0.79
  step  33 B   off/dense   r +0.272  job 235  ycsb  16969/s  c_idx    564 ns  mem   56.6 MB  cpu 0.79
  step  34 B   off/dense   r +0.149  job 225  ycsb  16942/s  c_idx    713 ns  mem   68.3 MB  cpu 0.79
  step  35 B   off/dense   r +0.255  job 224  ycsb  16916/s  c_idx    580 ns  mem   69.5 MB  cpu 0.79
  step  36 B   off/dense   r +0.128  job 229  ycsb  16807/s  c_idx    776 ns  mem   83.7 MB  cpu 0.79
  step  37 B   off/dense   r +0.261  job 223  ycsb  16937/s  c_idx    586 ns  mem   85.2 MB  cpu 0.79
  step  38 B   off/dense   r +0.237  job 231  ycsb  16903/s  c_idx    648 ns  mem   86.6 MB  cpu 0.79
  step  39 B   off/dense   r +0.108  job 228  ycsb  16879/s  c_idx    768 ns  mem  104.4 MB  cpu 0.79
  step  40 B   off/dense   r +0.270  job 228  ycsb  16879/s  c_idx    612 ns  mem  105.6 MB  cpu 0.79
  step  41 B   off/dense   r +0.226  job 228  ycsb  16812/s  c_idx    668 ns  mem  106.8 MB  cpu 0.79
  step  42 B   off/dense   r -0.039  job 221  ycsb  16847/s  c_idx   1020 ns  mem  126.1 MB  cpu 0.79
  step  43 B   off/dense   r +0.234  job 230  ycsb  16893/s  c_idx    607 ns  mem  130.7 MB  cpu 0.79
  step  44 B   off/dense   r +0.265  job 230  ycsb  16880/s  c_idx    623 ns  mem  131.6 MB  cpu 0.79
  step  45 B   off/dense   r +0.234  job 224  ycsb  16903/s  c_idx    663 ns  mem  132.9 MB  cpu 0.79
  step  46 B   off/dense   r +0.135  job 234  ycsb  16878/s  c_idx    798 ns  mem  145.2 MB  cpu 0.79
  step  47 B   off/dense   r +0.150  job 222  ycsb  16886/s  c_idx    704 ns  mem  162.2 MB  cpu 0.79
  step  48 B   off/dense   r +0.243  job 227  ycsb  16913/s  c_idx    602 ns  mem  163.5 MB  cpu 0.79
  step  49 B   off/dense   r +0.227  job 227  ycsb  16966/s  c_idx    631 ns  mem  164.6 MB  cpu 0.79
  step  50 B   off/dense   r +0.207  job 216  ycsb  16770/s  c_idx    681 ns  mem  165.7 MB  cpu 0.79
  step  51 B   off/dense   r +0.185  job 232  ycsb  16789/s  c_idx    769 ns  mem  170.8 MB  cpu 0.79
  step  52 B   off/dense   r +0.065  job 227  ycsb  16884/s  c_idx    891 ns  mem  199.8 MB  cpu 0.79
  step  53 B   off/dense   r +0.231  job 228  ycsb  16954/s  c_idx    631 ns  mem  203.6 MB  cpu 0.79
  step  54 B   off/dense   r +0.234  job 229  ycsb  16930/s  c_idx    631 ns  mem  204.9 MB  cpu 0.79
  step  55 B   off/dense   r +0.211  job 221  ycsb  16955/s  c_idx    642 ns  mem  205.9 MB  cpu 0.79
  step  56 B   off/dense   r +0.212  job 231  ycsb  16940/s  c_idx    666 ns  mem  206.9 MB  cpu 0.79
  step  57 B   off/dense   r +0.169  job 227  ycsb  16852/s  c_idx    713 ns  mem  208.7 MB  cpu 0.79
  step  58 B   off/dense   r +0.120  job 227  ycsb  16868/s  c_idx    807 ns  mem  220.1 MB  cpu 0.79
  step  59 B   off/dense   r +0.038  job 236  ycsb  16804/s  c_idx    976 ns  mem  251.0 MB  cpu 0.79
  -> return +11.15, mean reward +0.186, 1 switches, actions {'off/dense': 60}

[2/3] arm selix_default, seed 2001, repeat 0: index of 1000000 keys built in 1.04 s
  step   0 A   off/default r +0.119  job 393  ycsb   2000/s  c_idx    854 ns  mem   24.7 MB  cpu 1.07
  step   1 A   off/default r +0.167  job 394  ycsb   2000/s  c_idx    858 ns  mem   24.7 MB  cpu 1.06
  step   2 A   off/default r +0.181  job 412  ycsb   2000/s  c_idx    860 ns  mem   24.7 MB  cpu 1.07
  step   3 A   off/default r +0.171  job 386  ycsb   2000/s  c_idx    862 ns  mem   24.7 MB  cpu 1.07
  step   4 A   off/default r +0.178  job 389  ycsb   2000/s  c_idx    851 ns  mem   24.7 MB  cpu 1.08
  step   5 A   off/default r +0.187  job 406  ycsb   2000/s  c_idx    863 ns  mem   24.7 MB  cpu 1.06
  step   6 A   off/default r +0.193  job 415  ycsb   2000/s  c_idx    852 ns  mem   24.7 MB  cpu 1.09
  step   7 A   off/default r +0.187  job 401  ycsb   2000/s  c_idx    862 ns  mem   24.7 MB  cpu 1.07
  step   8 A   off/default r +0.151  job 382  ycsb   2000/s  c_idx    881 ns  mem   24.7 MB  cpu 1.08
  step   9 A   off/default r +0.152  job 399  ycsb   2000/s  c_idx    898 ns  mem   24.8 MB  cpu 1.09
  step  10 A   off/default r +0.176  job 411  ycsb   2000/s  c_idx    871 ns  mem   24.8 MB  cpu 1.07
  step  11 A   off/default r +0.183  job 389  ycsb   2000/s  c_idx    864 ns  mem   24.8 MB  cpu 1.07
  step  12 A   off/default r +0.169  job 386  ycsb   2000/s  c_idx    855 ns  mem   24.8 MB  cpu 1.06
  step  13 A   off/default r +0.162  job 393  ycsb   2000/s  c_idx    878 ns  mem   24.9 MB  cpu 1.09
  step  14 A   off/default r +0.168  job 412  ycsb   2000/s  c_idx    888 ns  mem   24.9 MB  cpu 1.07
  step  15 A   off/default r +0.176  job 395  ycsb   2000/s  c_idx    878 ns  mem   25.0 MB  cpu 1.08
  step  16 A   off/default r +0.153  job 380  ycsb   2000/s  c_idx    883 ns  mem   25.1 MB  cpu 1.08
  step  17 A   off/default r +0.137  job 383  ycsb   2000/s  c_idx    908 ns  mem   25.3 MB  cpu 1.07
  step  18 A   off/default r +0.131  job 414  ycsb   2000/s  c_idx    944 ns  mem   26.5 MB  cpu 1.08
  step  19 A   off/default r +0.078  job 400  ycsb   2000/s  c_idx   1036 ns  mem   30.3 MB  cpu 1.07
  step  20 A   off/default r +0.136  job 389  ycsb   2000/s  c_idx    922 ns  mem   31.0 MB  cpu 1.07
  step  21 A   off/default r +0.124  job 380  ycsb   2000/s  c_idx    928 ns  mem   31.5 MB  cpu 1.06
  step  22 A   off/default r +0.170  job 409  ycsb   2000/s  c_idx    871 ns  mem   31.6 MB  cpu 1.09
  step  23 A   off/default r +0.167  job 391  ycsb   2000/s  c_idx    883 ns  mem   31.7 MB  cpu 1.07
  step  24 A   off/default r +0.181  job 391  ycsb   2000/s  c_idx    849 ns  mem   31.7 MB  cpu 1.07
  step  25 A   off/default r +0.165  job 387  ycsb   2000/s  c_idx    868 ns  mem   31.8 MB  cpu 1.06
  step  26 A   off/default r +0.159  job 407  ycsb   2000/s  c_idx    883 ns  mem   31.8 MB  cpu 1.07
  step  27 A   off/default r +0.138  job 400  ycsb   2000/s  c_idx    941 ns  mem   31.8 MB  cpu 1.06
  step  28 A   off/default r +0.134  job 388  ycsb   2000/s  c_idx    928 ns  mem   31.9 MB  cpu 1.08
  step  29 A   off/default r +0.134  job 395  ycsb   2000/s  c_idx    930 ns  mem   31.9 MB  cpu 1.09
  step  30 B   off/default r +0.302  job 230  ycsb  16954/s  c_idx    516 ns  mem   43.3 MB  cpu 0.80
  step  31 B   off/default r +0.307  job 224  ycsb  17051/s  c_idx    503 ns  mem   44.4 MB  cpu 0.79
  step  32 B   off/default r +0.220  job 227  ycsb  16967/s  c_idx    604 ns  mem   56.8 MB  cpu 0.79
  step  33 B   off/default r +0.255  job 236  ycsb  16974/s  c_idx    547 ns  mem   64.6 MB  cpu 0.79
  step  34 B   off/default r +0.265  job 227  ycsb  16985/s  c_idx    547 ns  mem   74.1 MB  cpu 0.79
  step  35 B   off/default r +0.277  job 231  ycsb  16876/s  c_idx    544 ns  mem   75.3 MB  cpu 0.79
  step  36 B   off/default r +0.163  job 229  ycsb  16645/s  c_idx    671 ns  mem   96.2 MB  cpu 0.79
  step  37 B   off/default r +0.266  job 224  ycsb  16957/s  c_idx    545 ns  mem   97.4 MB  cpu 0.79
  step  38 B   off/default r +0.258  job 230  ycsb  16891/s  c_idx    571 ns  mem   98.8 MB  cpu 0.79
  step  39 B   off/default r +0.065  job 232  ycsb  16911/s  c_idx    759 ns  mem  125.5 MB  cpu 0.79
  step  40 B   off/default r +0.270  job 227  ycsb  16850/s  c_idx    554 ns  mem  127.6 MB  cpu 0.79
  step  41 B   off/default r +0.264  job 232  ycsb  16819/s  c_idx    568 ns  mem  128.5 MB  cpu 0.79
  step  42 B   off/default r +0.236  job 221  ycsb  17001/s  c_idx    583 ns  mem  130.0 MB  cpu 0.79
  step  43 B   off/default r +0.122  job 229  ycsb  16926/s  c_idx    705 ns  mem  151.6 MB  cpu 0.79
  step  44 B   off/default r +0.214  job 224  ycsb  16894/s  c_idx    602 ns  mem  167.3 MB  cpu 0.79
  step  45 B   off/default r +0.260  job 224  ycsb  16852/s  c_idx    568 ns  mem  168.7 MB  cpu 0.79
  step  46 B   off/default r +0.244  job 233  ycsb  16665/s  c_idx    594 ns  mem  169.6 MB  cpu 0.79
  step  47 B   off/default r +0.239  job 227  ycsb  16875/s  c_idx    584 ns  mem  171.0 MB  cpu 0.79
  step  48 B   off/default r +0.226  job 229  ycsb  16882/s  c_idx    610 ns  mem  173.4 MB  cpu 0.79
  step  49 B   off/default r +0.058  job 233  ycsb  16801/s  c_idx    774 ns  mem  216.9 MB  cpu 0.79
  step  50 B   off/default r +0.226  job 225  ycsb  16987/s  c_idx    579 ns  mem  225.3 MB  cpu 0.79
  step  51 B   off/default r +0.252  job 230  ycsb  16848/s  c_idx    577 ns  mem  226.9 MB  cpu 0.79
  step  52 B   off/default r +0.228  job 223  ycsb  16889/s  c_idx    584 ns  mem  228.0 MB  cpu 0.79
  step  53 B   off/default r +0.240  job 226  ycsb  16949/s  c_idx    584 ns  mem  229.0 MB  cpu 0.79
  step  54 B   off/default r +0.234  job 229  ycsb  16796/s  c_idx    597 ns  mem  230.1 MB  cpu 0.79
  step  55 B   off/default r +0.213  job 223  ycsb  16909/s  c_idx    609 ns  mem  232.1 MB  cpu 0.79
  step  56 B   off/default r +0.149  job 225  ycsb  16644/s  c_idx    689 ns  mem  242.8 MB  cpu 0.79
  step  57 B   off/default r +0.053  job 224  ycsb  16818/s  c_idx    752 ns  mem  292.1 MB  cpu 0.79
  step  58 B   off/default r +0.211  job 229  ycsb  16950/s  c_idx    588 ns  mem  297.3 MB  cpu 0.79
  step  59 B   off/default r +0.251  job 233  ycsb  16969/s  c_idx    581 ns  mem  299.1 MB  cpu 0.79
  -> return +11.30, mean reward +0.188, 1 switches, actions {'off/default': 60}

[3/3] arm selix_sparse, seed 2001, repeat 0: index of 1000000 keys built in 1.04 s
  step   0 A   off/sparse  r +0.129  job 394  ycsb   2000/s  c_idx    836 ns  mem   24.7 MB  cpu 1.07
  step   1 A   off/sparse  r +0.187  job 404  ycsb   2000/s  c_idx    838 ns  mem   24.7 MB  cpu 1.07
  step   2 A   off/sparse  r +0.192  job 412  ycsb   2000/s  c_idx    838 ns  mem   24.7 MB  cpu 1.09
  step   3 A   off/sparse  r +0.187  job 391  ycsb   2000/s  c_idx    845 ns  mem   24.7 MB  cpu 1.08
  step   4 A   off/sparse  r +0.149  job 381  ycsb   2000/s  c_idx    882 ns  mem   24.7 MB  cpu 1.07
  step   5 A   off/sparse  r +0.188  job 398  ycsb   2000/s  c_idx    846 ns  mem   24.8 MB  cpu 1.07
  step   6 A   off/sparse  r +0.181  job 404  ycsb   2000/s  c_idx    857 ns  mem   24.8 MB  cpu 1.07
  step   7 A   off/sparse  r +0.188  job 389  ycsb   2000/s  c_idx    852 ns  mem   24.8 MB  cpu 1.08
  step   8 A   off/sparse  r +0.183  job 398  ycsb   2000/s  c_idx    843 ns  mem   24.8 MB  cpu 1.08
  step   9 A   off/sparse  r +0.177  job 399  ycsb   2000/s  c_idx    859 ns  mem   24.9 MB  cpu 1.07
  step  10 A   off/sparse  r +0.185  job 404  ycsb   2000/s  c_idx    845 ns  mem   24.9 MB  cpu 1.06
  step  11 A   off/sparse  r +0.184  job 388  ycsb   2000/s  c_idx    861 ns  mem   25.0 MB  cpu 1.07
  step  12 A   off/sparse  r +0.173  job 397  ycsb   2000/s  c_idx    861 ns  mem   25.0 MB  cpu 1.07
  step  13 A   off/sparse  r +0.155  job 394  ycsb   2000/s  c_idx    885 ns  mem   25.1 MB  cpu 1.08
  step  14 A   off/sparse  r +0.181  job 406  ycsb   2000/s  c_idx    858 ns  mem   25.2 MB  cpu 1.06
  step  15 A   off/sparse  r +0.184  job 393  ycsb   2000/s  c_idx    861 ns  mem   25.4 MB  cpu 1.07
  step  16 A   off/sparse  r +0.177  job 404  ycsb   2000/s  c_idx    861 ns  mem   25.8 MB  cpu 1.07
  step  17 A   off/sparse  r +0.153  job 400  ycsb   2000/s  c_idx    887 ns  mem   26.6 MB  cpu 1.07
  step  18 A   off/sparse  r +0.108  job 411  ycsb   2000/s  c_idx    940 ns  mem   29.8 MB  cpu 1.08
  step  19 A   off/sparse  r +0.064  job 394  ycsb   2000/s  c_idx    902 ns  mem   41.4 MB  cpu 1.08
  step  20 A   off/sparse  r +0.066  job 404  ycsb   2000/s  c_idx    903 ns  mem   44.0 MB  cpu 1.06
  step  21 A   off/sparse  r +0.044  job 389  ycsb   2000/s  c_idx    921 ns  mem   44.8 MB  cpu 1.08
  step  22 A   off/sparse  r +0.054  job 405  ycsb   2000/s  c_idx    922 ns  mem   45.2 MB  cpu 1.09
  step  23 A   off/sparse  r +0.064  job 400  ycsb   2000/s  c_idx    922 ns  mem   45.4 MB  cpu 1.06
  step  24 A   off/sparse  r +0.067  job 395  ycsb   2000/s  c_idx    901 ns  mem   45.6 MB  cpu 1.07
  step  25 A   off/sparse  r +0.060  job 401  ycsb   2000/s  c_idx    904 ns  mem   45.8 MB  cpu 1.07
  step  26 A   off/sparse  r +0.051  job 396  ycsb   2000/s  c_idx    911 ns  mem   45.9 MB  cpu 1.08
  step  27 A   off/sparse  r +0.063  job 400  ycsb   2000/s  c_idx    910 ns  mem   46.0 MB  cpu 1.07
  step  28 A   off/sparse  r +0.053  job 385  ycsb   2000/s  c_idx    908 ns  mem   46.1 MB  cpu 1.05
  step  29 A   off/sparse  r +0.058  job 401  ycsb   2000/s  c_idx    913 ns  mem   46.1 MB  cpu 1.07
  step  30 B   off/sparse  r +0.311  job 223  ycsb  16911/s  c_idx    467 ns  mem   47.1 MB  cpu 0.81
  step  31 B   off/sparse  r +0.152  job 232  ycsb  16873/s  c_idx    563 ns  mem   68.4 MB  cpu 0.79
  step  32 B   off/sparse  r +0.245  job 224  ycsb  16827/s  c_idx    507 ns  mem   69.3 MB  cpu 0.79
  step  33 B   off/sparse  r +0.077  job 232  ycsb  16868/s  c_idx    620 ns  mem   99.7 MB  cpu 0.79
  step  34 B   off/sparse  r +0.237  job 231  ycsb  17037/s  c_idx    502 ns  mem  101.5 MB  cpu 0.79
  step  35 B   off/sparse  r +0.218  job 223  ycsb  16901/s  c_idx    509 ns  mem  102.5 MB  cpu 0.79
  step  36 B   off/sparse  r +0.221  job 231  ycsb  16959/s  c_idx    558 ns  mem  114.7 MB  cpu 0.79
  step  37 B   off/sparse  r +0.028  job 227  ycsb  16917/s  c_idx    713 ns  mem  149.4 MB  cpu 0.79
  step  38 B   off/sparse  r +0.196  job 222  ycsb  16937/s  c_idx    519 ns  mem  150.8 MB  cpu 0.79
  step  39 B   off/sparse  r +0.215  job 233  ycsb  16879/s  c_idx    523 ns  mem  151.8 MB  cpu 0.79
  step  40 B   off/sparse  r +0.245  job 227  ycsb  16916/s  c_idx    530 ns  mem  153.2 MB  cpu 0.79
  step  41 B   off/sparse  r +0.200  job 228  ycsb  16789/s  c_idx    577 ns  mem  160.1 MB  cpu 0.79
  step  42 B   off/sparse  r +0.047  job 228  ycsb  16834/s  c_idx    664 ns  mem  220.5 MB  cpu 0.79
  step  43 B   off/sparse  r +0.161  job 226  ycsb  16928/s  c_idx    528 ns  mem  223.3 MB  cpu 0.79
  step  44 B   off/sparse  r +0.213  job 230  ycsb  16949/s  c_idx    533 ns  mem  224.7 MB  cpu 0.79
  step  45 B   off/sparse  r +0.209  job 229  ycsb  16960/s  c_idx    533 ns  mem  225.7 MB  cpu 0.79
  step  46 B   off/sparse  r +0.216  job 228  ycsb  16811/s  c_idx    543 ns  mem  226.7 MB  cpu 0.79
  step  47 B   off/sparse  r +0.217  job 231  ycsb  16964/s  c_idx    540 ns  mem  228.2 MB  cpu 0.79
  step  48 B   off/sparse  r +0.183  job 223  ycsb  16807/s  c_idx    564 ns  mem  231.4 MB  cpu 0.79
  step  49 B   off/sparse  r +0.074  job 230  ycsb  16812/s  c_idx    674 ns  mem  272.0 MB  cpu 0.79
  step  50 B   off/sparse  r -0.024  job 225  ycsb  16831/s  c_idx    783 ns  mem  328.7 MB  cpu 0.79
  step  51 B   off/sparse  r +0.160  job 227  ycsb  16556/s  c_idx    568 ns  mem  332.2 MB  cpu 0.79
  step  52 B   off/sparse  r +0.187  job 234  ycsb  16880/s  c_idx    549 ns  mem  334.0 MB  cpu 0.79
  step  53 B   off/sparse  r +0.180  job 231  ycsb  16940/s  c_idx    543 ns  mem  335.4 MB  cpu 0.79
  step  54 B   off/sparse  r +0.184  job 232  ycsb  16785/s  c_idx    548 ns  mem  336.6 MB  cpu 0.79
  step  55 B   off/sparse  r +0.179  job 230  ycsb  16961/s  c_idx    545 ns  mem  337.5 MB  cpu 0.79
  step  56 B   off/sparse  r +0.164  job 222  ycsb  16896/s  c_idx    550 ns  mem  338.4 MB  cpu 0.79
  step  57 B   off/sparse  r +0.189  job 232  ycsb  16887/s  c_idx    553 ns  mem  339.9 MB  cpu 0.79
  step  58 B   off/sparse  r +0.187  job 225  ycsb  16916/s  c_idx    569 ns  mem  342.1 MB  cpu 0.79
  step  59 B   off/sparse  r +0.217  job 223  ycsb  16881/s  c_idx    567 ns  mem  345.0 MB  cpu 0.79
  -> return +9.19, mean reward +0.153, 1 switches, actions {'off/sparse': 60}

3 episode summaries in runs/imdb/sweep/episodes.json; steps in runs/imdb/sweep/steps.jsonl
best preset: default

===== [2026-10-03 13:05:47] PPO training, 1200 steps =====
PPO: n_steps 60, batch 30, epochs 10, gamma 0.9, ent_coef 0.05, lr 0.0003, net [64, 64]; 1200 steps of 30 s
  step     1  ep 0 phase A  action auto/default  reward -0.009
  step     2  ep 0 phase A  action hint/sparse  reward -0.099
  step     3  ep 0 phase A  action hint/dense  reward -0.097
  step     4  ep 0 phase A  action auto/default  reward -0.045
  step     5  ep 0 phase A  action join/sparse  reward -0.028
  step     6  ep 0 phase A  action auto/default  reward -0.047
  step     7  ep 0 phase A  action hint/sparse  reward -0.103
  step     8  ep 0 phase A  action join/dense  reward -0.026
  step     9  ep 0 phase A  action hint/default  reward -0.090
  step    10  ep 0 phase A  action auto/default  reward -0.039
  step    11  ep 0 phase A  action join/sparse  reward -0.035
  step    12  ep 0 phase A  action off/dense  reward +0.138
  step    13  ep 0 phase A  action auto/sparse  reward -0.037
  step    14  ep 0 phase A  action off/sparse  reward +0.132
  step    15  ep 0 phase A  action join/dense  reward -0.025
  step    16  ep 0 phase A  action auto/default  reward -0.058
  step    17  ep 0 phase A  action hint/dense  reward -0.115
  step    18  ep 0 phase A  action hint/default  reward -0.125
  step    19  ep 0 phase A  action auto/sparse  reward -0.054
  step    20  ep 0 phase A  action off/default  reward +0.061
  step    21  ep 0 phase A  action join/dense  reward -0.085
  step    22  ep 0 phase A  action off/default  reward +0.101
  step    23  ep 0 phase A  action join/default  reward -0.064
  step    24  ep 0 phase A  action hint/default  reward -0.140
  step    25  ep 0 phase A  action off/default  reward +0.102
  step    26  ep 0 phase A  action auto/sparse  reward -0.090
  step    27  ep 0 phase A  action auto/default  reward -0.070
  step    28  ep 0 phase A  action auto/dense  reward -0.072
  step    29  ep 0 phase A  action hint/dense  reward -0.181
  step    30  ep 0 phase A  action off/sparse  reward +0.116
  step    31  ep 0 phase B  action off/sparse  reward +0.184
  step    32  ep 0 phase B  action off/default  reward +0.209
  step    33  ep 0 phase B  action hint/dense  reward +0.003
  step    34  ep 0 phase B  action join/default  reward -0.005
  step    35  ep 0 phase B  action join/default  reward -0.088
  step    36  ep 0 phase B  action auto/sparse  reward -0.042
  step    37  ep 0 phase B  action hint/sparse  reward -0.065
  step    38  ep 0 phase B  action join/default  reward -0.115
  step    39  ep 0 phase B  action hint/default  reward -0.052
  step    40  ep 0 phase B  action off/sparse  reward +0.180
  step    41  ep 0 phase B  action hint/sparse  reward -0.156
  step    42  ep 0 phase B  action off/sparse  reward +0.056
  step    43  ep 0 phase B  action join/dense  reward -0.086
  step    44  ep 0 phase B  action off/default  reward +0.133
  step    45  ep 0 phase B  action hint/sparse  reward -0.052
  step    46  ep 0 phase B  action hint/dense  reward -0.064
  step    47  ep 0 phase B  action hint/default  reward -0.267
  step    48  ep 0 phase B  action off/dense  reward +0.158
  step    49  ep 0 phase B  action join/sparse  reward -0.122
  step    50  ep 0 phase B  action auto/sparse  reward -0.145
  step    51  ep 0 phase B  action hint/dense  reward -0.082
  step    52  ep 0 phase B  action auto/default  reward -0.063
  step    53  ep 0 phase B  action hint/default  reward -0.103
  step    54  ep 0 phase B  action join/default  reward -0.171
  step    55  ep 0 phase B  action hint/sparse  reward -0.061
  step    56  ep 0 phase B  action auto/default  reward -0.062
  step    57  ep 0 phase B  action hint/default  reward -0.089
  step    58  ep 0 phase B  action hint/default  reward -0.034
  step    59  ep 0 phase B  action join/default  reward -0.020
  step    60  ep 0 phase B  action hint/sparse  reward -0.252
[episode 0] return -2.36  mean reward -0.039  (last 1 episodes: -0.039)  2074 s
  step    61  ep 1 phase A  action auto/sparse  reward -0.030
  step    62  ep 1 phase A  action auto/dense  reward -0.034
  step    63  ep 1 phase A  action hint/dense  reward -0.104
  step    64  ep 1 phase A  action auto/sparse  reward -0.043
  step    65  ep 1 phase A  action join/sparse  reward -0.016
  step    66  ep 1 phase A  action join/dense  reward -0.036
  step    67  ep 1 phase A  action hint/default  reward -0.106
  step    68  ep 1 phase A  action off/default  reward +0.136
  step    69  ep 1 phase A  action off/sparse  reward +0.147
  step    70  ep 1 phase A  action off/sparse  reward +0.185
  step    71  ep 1 phase A  action auto/sparse  reward -0.055
  step    72  ep 1 phase A  action join/dense  reward -0.040
  step    73  ep 1 phase A  action auto/sparse  reward -0.048
  step    74  ep 1 phase A  action off/dense  reward +0.124
  step    75  ep 1 phase A  action auto/dense  reward -0.053
  step    76  ep 1 phase A  action hint/default  reward -0.144
  step    77  ep 1 phase A  action off/default  reward +0.131
  step    78  ep 1 phase A  action off/dense  reward +0.113
  step    79  ep 1 phase A  action off/dense  reward +0.163
  step    80  ep 1 phase A  action auto/dense  reward -0.126
  step    81  ep 1 phase A  action join/dense  reward -0.049
  step    82  ep 1 phase A  action auto/sparse  reward -0.056
  step    83  ep 1 phase A  action auto/dense  reward -0.062
  step    84  ep 1 phase A  action hint/default  reward -0.123
  step    85  ep 1 phase A  action auto/default  reward -0.069
  step    86  ep 1 phase A  action auto/sparse  reward -0.061
  step    87  ep 1 phase A  action auto/sparse  reward -0.009
  step    88  ep 1 phase A  action hint/sparse  reward -0.126
  step    89  ep 1 phase A  action off/dense  reward +0.117
  step    90  ep 1 phase A  action auto/default  reward -0.062
  step    91  ep 1 phase B  action off/default  reward +0.155
  step    92  ep 1 phase B  action hint/dense  reward -0.004
  step    93  ep 1 phase B  action auto/dense  reward +0.012
  step    94  ep 1 phase B  action join/sparse  reward -0.291
  step    95  ep 1 phase B  action auto/dense  reward -0.054
  step    96  ep 1 phase B  action off/sparse  reward +0.179
  step    97  ep 1 phase B  action off/sparse  reward +0.023
  step    98  ep 1 phase B  action hint/sparse  reward -0.088
  step    99  ep 1 phase B  action auto/dense  reward -0.066
  step   100  ep 1 phase B  action hint/sparse  reward -0.060
  step   101  ep 1 phase B  action hint/dense  reward -0.019
  step   102  ep 1 phase B  action auto/dense  reward -0.032
  step   103  ep 1 phase B  action hint/default  reward -0.061
  step   104  ep 1 phase B  action join/sparse  reward -0.059
  step   105  ep 1 phase B  action off/sparse  reward +0.177
  step   106  ep 1 phase B  action hint/default  reward -0.164
  step   107  ep 1 phase B  action off/sparse  reward -0.075
  step   108  ep 1 phase B  action hint/sparse  reward -0.342
  step   109  ep 1 phase B  action off/default  reward +0.143
  step   110  ep 1 phase B  action off/default  reward +0.194
  step   111  ep 1 phase B  action hint/dense  reward -0.055
  step   112  ep 1 phase B  action join/dense  reward -0.034
  step   113  ep 1 phase B  action auto/sparse  reward -0.157
  step   114  ep 1 phase B  action off/dense  reward +0.118
  step   115  ep 1 phase B  action off/dense  reward +0.218
  step   116  ep 1 phase B  action hint/default  reward -0.120
  step   117  ep 1 phase B  action join/default  reward -0.076
  step   118  ep 1 phase B  action off/default  reward +0.030
  step   119  ep 1 phase B  action off/dense  reward +0.113
  step   120  ep 1 phase B  action join/dense  reward -0.022
[episode 1] return -0.75  mean reward -0.013  (last 2 episodes: -0.026)  2042 s
  step   121  ep 2 phase A  action join/dense  reward -0.038
  step   122  ep 2 phase A  action auto/default  reward -0.057
  step   123  ep 2 phase A  action auto/sparse  reward -0.056
  step   124  ep 2 phase A  action hint/default  reward -0.115
  step   125  ep 2 phase A  action auto/sparse  reward -0.042
  step   126  ep 2 phase A  action hint/dense  reward -0.108
  step   127  ep 2 phase A  action off/default  reward +0.128
  step   128  ep 2 phase A  action off/default  reward +0.184
  step   129  ep 2 phase A  action off/sparse  reward +0.142
  step   130  ep 2 phase A  action join/dense  reward -0.064
  step   131  ep 2 phase A  action off/dense  reward +0.142
  step   132  ep 2 phase A  action hint/default  reward -0.152
  step   133  ep 2 phase A  action auto/dense  reward -0.046
  step   134  ep 2 phase A  action off/dense  reward +0.133
  step   135  ep 2 phase A  action off/sparse  reward +0.135
  step   136  ep 2 phase A  action hint/dense  reward -0.125
  step   137  ep 2 phase A  action join/dense  reward -0.036
  step   138  ep 2 phase A  action auto/dense  reward -0.053
  step   139  ep 2 phase A  action join/default  reward -0.075
  step   140  ep 2 phase A  action auto/dense  reward -0.108
  step   141  ep 2 phase A  action join/sparse  reward -0.182
  step   142  ep 2 phase A  action hint/dense  reward -0.134
  step   143  ep 2 phase A  action off/sparse  reward +0.079
  step   144  ep 2 phase A  action join/dense  reward -0.081
  step   145  ep 2 phase A  action hint/sparse  reward -0.162
  step   146  ep 2 phase A  action hint/default  reward -0.154
  step   147  ep 2 phase A  action hint/sparse  reward -0.164
  step   148  ep 2 phase A  action hint/dense  reward -0.166
  step   149  ep 2 phase A  action hint/dense  reward -0.116
  step   150  ep 2 phase A  action off/default  reward +0.053
  step   151  ep 2 phase B  action join/sparse  reward -0.099
  step   152  ep 2 phase B  action auto/default  reward -0.048
  step   153  ep 2 phase B  action auto/sparse  reward -0.090
  step   154  ep 2 phase B  action off/default  reward +0.141
  step   155  ep 2 phase B  action auto/sparse  reward +0.004
  step   156  ep 2 phase B  action auto/default  reward -0.064
  step   157  ep 2 phase B  action join/default  reward +0.042
  step   158  ep 2 phase B  action join/default  reward +0.064
  step   159  ep 2 phase B  action hint/sparse  reward -0.289
  step   160  ep 2 phase B  action join/dense  reward -0.123
  step   161  ep 2 phase B  action off/dense  reward +0.182
  step   162  ep 2 phase B  action join/sparse  reward -0.067
  step   163  ep 2 phase B  action hint/sparse  reward -0.211
  step   164  ep 2 phase B  action join/sparse  reward -0.152
  step   165  ep 2 phase B  action hint/dense  reward -0.076
  step   166  ep 2 phase B  action hint/dense  reward -0.008
  step   167  ep 2 phase B  action auto/dense  reward -0.056
  step   168  ep 2 phase B  action off/sparse  reward +0.149
  step   169  ep 2 phase B  action join/sparse  reward -0.126
  step   170  ep 2 phase B  action join/default  reward -0.273
  step   171  ep 2 phase B  action hint/sparse  reward -0.215
  step   172  ep 2 phase B  action off/default  reward +0.163
  step   173  ep 2 phase B  action join/sparse  reward -0.079
  step   174  ep 2 phase B  action off/dense  reward +0.145
  step   175  ep 2 phase B  action hint/dense  reward -0.076
  step   176  ep 2 phase B  action off/default  reward +0.144
  step   177  ep 2 phase B  action hint/default  reward -0.199
  step   178  ep 2 phase B  action off/dense  reward +0.103
  step   179  ep 2 phase B  action off/default  reward +0.147
  step   180  ep 2 phase B  action hint/default  reward -0.072
[episode 2] return -2.28  mean reward -0.038  (last 3 episodes: -0.030)  2046 s
  step   181  ep 3 phase A  action off/default  reward +0.177
  step   182  ep 3 phase A  action off/default  reward +0.221
  step   183  ep 3 phase A  action off/dense  reward +0.124
  step   184  ep 3 phase A  action auto/sparse  reward -0.050
  step   185  ep 3 phase A  action off/sparse  reward +0.144
  step   186  ep 3 phase A  action auto/default  reward -0.050
  step   187  ep 3 phase A  action off/sparse  reward +0.140
  step   188  ep 3 phase A  action hint/dense  reward -0.124
  step   189  ep 3 phase A  action hint/dense  reward -0.045
  step   190  ep 3 phase A  action auto/sparse  reward -0.051
  step   191  ep 3 phase A  action off/dense  reward +0.126
  step   192  ep 3 phase A  action hint/default  reward -0.118
  step   193  ep 3 phase A  action join/dense  reward -0.072
  step   194  ep 3 phase A  action auto/default  reward -0.074
  step   195  ep 3 phase A  action off/default  reward +0.091
  step   196  ep 3 phase A  action auto/default  reward -0.085
  step   197  ep 3 phase A  action join/default  reward -0.115
  step   198  ep 3 phase A  action join/dense  reward -0.077
  step   199  ep 3 phase A  action auto/default  reward -0.101
  step   200  ep 3 phase A  action join/dense  reward -0.132
  step   201  ep 3 phase A  action hint/sparse  reward -0.138
  step   202  ep 3 phase A  action hint/sparse  reward -0.102
  step   203  ep 3 phase A  action auto/default  reward -0.121
  step   204  ep 3 phase A  action auto/sparse  reward -0.092
  step   205  ep 3 phase A  action join/default  reward -0.093
  step   206  ep 3 phase A  action auto/sparse  reward -0.125
  step   207  ep 3 phase A  action off/default  reward +0.067
  step   208  ep 3 phase A  action hint/default  reward -0.166
  step   209  ep 3 phase A  action off/dense  reward +0.106
  step   210  ep 3 phase A  action off/default  reward +0.070
  step   211  ep 3 phase B  action auto/sparse  reward -0.117
  step   212  ep 3 phase B  action off/sparse  reward +0.188
  step   213  ep 3 phase B  action hint/default  reward -0.029
  step   214  ep 3 phase B  action off/default  reward +0.211
  step   215  ep 3 phase B  action off/sparse  reward -0.010
  step   216  ep 3 phase B  action hint/default  reward -0.083
  step   217  ep 3 phase B  action auto/sparse  reward -0.039
  step   218  ep 3 phase B  action auto/dense  reward -0.024
  step   219  ep 3 phase B  action off/sparse  reward +0.018
  step   220  ep 3 phase B  action join/default  reward -0.083
  step   221  ep 3 phase B  action off/dense  reward +0.167
  step   222  ep 3 phase B  action off/sparse  reward +0.185
  step   223  ep 3 phase B  action auto/default  reward -0.063
  step   224  ep 3 phase B  action join/dense  reward -0.057
  step   225  ep 3 phase B  action join/sparse  reward -0.308
  step   226  ep 3 phase B  action hint/default  reward -0.107
  step   227  ep 3 phase B  action off/dense  reward +0.154
  step   228  ep 3 phase B  action hint/sparse  reward -0.186
  step   229  ep 3 phase B  action off/default  reward +0.105
  step   230  ep 3 phase B  action join/dense  reward -0.073
  step   231  ep 3 phase B  action join/sparse  reward -0.037
  step   232  ep 3 phase B  action auto/default  reward -0.037
  step   233  ep 3 phase B  action join/dense  reward -0.034
  step   234  ep 3 phase B  action auto/sparse  reward -0.354
  step   235  ep 3 phase B  action off/sparse  reward +0.055
  step   236  ep 3 phase B  action join/default  reward -0.158
  step   237  ep 3 phase B  action hint/dense  reward -0.123
  step   238  ep 3 phase B  action join/dense  reward -0.099
  step   239  ep 3 phase B  action off/dense  reward +0.119
  step   240  ep 3 phase B  action off/sparse  reward +0.154
[episode 3] return -1.33  mean reward -0.022  (last 4 episodes: -0.028)  2049 s
  step   241  ep 4 phase A  action join/default  reward -0.047
  step   242  ep 4 phase A  action auto/sparse  reward -0.051
  step   243  ep 4 phase A  action auto/dense  reward -0.048
  step   244  ep 4 phase A  action join/dense  reward -0.060
  step   245  ep 4 phase A  action off/default  reward +0.144
  step   246  ep 4 phase A  action off/default  reward +0.183
  step   247  ep 4 phase A  action off/sparse  reward +0.142
  step   248  ep 4 phase A  action off/dense  reward +0.116
  step   249  ep 4 phase A  action hint/dense  reward -0.122
  step   250  ep 4 phase A  action off/sparse  reward +0.121
  step   251  ep 4 phase A  action off/default  reward +0.125
  step   252  ep 4 phase A  action auto/dense  reward -0.061
  step   253  ep 4 phase A  action off/dense  reward +0.101
  step   254  ep 4 phase A  action off/dense  reward +0.174
  step   255  ep 4 phase A  action off/default  reward +0.124
  step   256  ep 4 phase A  action join/default  reward -0.043
  step   257  ep 4 phase A  action off/default  reward +0.120
  step   258  ep 4 phase A  action join/default  reward -0.072
  step   259  ep 4 phase A  action off/default  reward +0.085
  step   260  ep 4 phase A  action auto/default  reward -0.182
  step   261  ep 4 phase A  action hint/sparse  reward -0.222
  step   262  ep 4 phase A  action off/sparse  reward +0.049
  step   263  ep 4 phase A  action hint/dense  reward -0.184
  step   264  ep 4 phase A  action auto/dense  reward -0.115
  step   265  ep 4 phase A  action hint/sparse  reward -0.166
  step   266  ep 4 phase A  action join/sparse  reward -0.098
  step   267  ep 4 phase A  action off/dense  reward +0.102
  step   268  ep 4 phase A  action off/sparse  reward +0.113
  step   269  ep 4 phase A  action hint/default  reward -0.188
  step   270  ep 4 phase A  action off/dense  reward +0.068
  step   271  ep 4 phase B  action off/dense  reward +0.248
  step   272  ep 4 phase B  action join/default  reward -0.088
  step   273  ep 4 phase B  action hint/dense  reward +0.013
  step   274  ep 4 phase B  action join/dense  reward -0.075
  step   275  ep 4 phase B  action hint/dense  reward -0.044
  step   276  ep 4 phase B  action off/dense  reward +0.132
  step   277  ep 4 phase B  action auto/dense  reward -0.013
  step   278  ep 4 phase B  action auto/sparse  reward -0.138
  step   279  ep 4 phase B  action join/dense  reward -0.150
  step   280  ep 4 phase B  action auto/dense  reward -0.093
  step   281  ep 4 phase B  action off/default  reward +0.154
  step   282  ep 4 phase B  action hint/sparse  reward -0.212
  step   283  ep 4 phase B  action auto/default  reward -0.175
  step   284  ep 4 phase B  action off/default  reward +0.092
  step   285  ep 4 phase B  action hint/sparse  reward -0.053
  step   286  ep 4 phase B  action auto/sparse  reward -0.054
  step   287  ep 4 phase B  action hint/default  reward -0.053
  step   288  ep 4 phase B  action off/dense  reward +0.158
  step   289  ep 4 phase B  action join/sparse  reward -0.345
  step   290  ep 4 phase B  action auto/default  reward -0.153
  step   291  ep 4 phase B  action hint/dense  reward -0.126
  step   292  ep 4 phase B  action off/sparse  reward +0.133
  step   293  ep 4 phase B  action off/dense  reward +0.116
  step   294  ep 4 phase B  action off/sparse  reward +0.093
  step   295  ep 4 phase B  action join/sparse  reward -0.087
  step   296  ep 4 phase B  action auto/default  reward -0.132
  step   297  ep 4 phase B  action off/dense  reward +0.114
  step   298  ep 4 phase B  action join/dense  reward -0.102
  step   299  ep 4 phase B  action off/default  reward -0.236
  step   300  ep 4 phase B  action join/sparse  reward -0.485
[episode 4] return -1.46  mean reward -0.024  (last 5 episodes: -0.027)  2056 s
  step   301  ep 5 phase A  action off/dense  reward +0.121
  step   302  ep 5 phase A  action hint/default  reward -0.124
  step   303  ep 5 phase A  action join/dense  reward -0.054
  step   304  ep 5 phase A  action off/dense  reward +0.109
  step   305  ep 5 phase A  action join/dense  reward -0.048
  step   306  ep 5 phase A  action hint/sparse  reward -0.132
  step   307  ep 5 phase A  action off/sparse  reward +0.128
  step   308  ep 5 phase A  action auto/dense  reward -0.075
  step   309  ep 5 phase A  action off/sparse  reward +0.116
  step   310  ep 5 phase A  action hint/default  reward -0.112
  step   311  ep 5 phase A  action join/sparse  reward -0.031
  step   312  ep 5 phase A  action off/dense  reward +0.152
  step   313  ep 5 phase A  action off/default  reward +0.136
  step   314  ep 5 phase A  action auto/dense  reward -0.049
  step   315  ep 5 phase A  action join/default  reward -0.042
  step   316  ep 5 phase A  action hint/dense  reward -0.128
  step   317  ep 5 phase A  action hint/sparse  reward -0.160
  step   318  ep 5 phase A  action off/sparse  reward +0.079
  step   319  ep 5 phase A  action auto/sparse  reward -0.135
  step   320  ep 5 phase A  action off/dense  reward +0.006
  step   321  ep 5 phase A  action off/dense  reward +0.120
  step   322  ep 5 phase A  action off/default  reward +0.064
  step   323  ep 5 phase A  action auto/dense  reward -0.111
  step   324  ep 5 phase A  action join/default  reward -0.105
  step   325  ep 5 phase A  action off/default  reward +0.079
  step   326  ep 5 phase A  action off/dense  reward +0.075
  step   327  ep 5 phase A  action join/sparse  reward -0.120
  step   328  ep 5 phase A  action off/sparse  reward +0.082
  step   329  ep 5 phase A  action off/default  reward +0.083
  step   330  ep 5 phase A  action auto/sparse  reward -0.119
  step   331  ep 5 phase B  action off/default  reward +0.178
  step   332  ep 5 phase B  action off/dense  reward +0.267
  step   333  ep 5 phase B  action off/dense  reward +0.294
  step   334  ep 5 phase B  action auto/sparse  reward -0.261
  step   335  ep 5 phase B  action off/dense  reward +0.174
  step   336  ep 5 phase B  action auto/sparse  reward -0.091
  step   337  ep 5 phase B  action off/dense  reward +0.171
  step   338  ep 5 phase B  action hint/default  reward -0.005
  step   339  ep 5 phase B  action off/dense  reward +0.126
  step   340  ep 5 phase B  action auto/default  reward -0.280
  step   341  ep 5 phase B  action off/default  reward +0.193
  step   342  ep 5 phase B  action off/dense  reward +0.092
  step   343  ep 5 phase B  action off/default  reward +0.176
  step   344  ep 5 phase B  action off/sparse  reward -0.034
  step   345  ep 5 phase B  action join/dense  reward -0.083
  step   346  ep 5 phase B  action join/sparse  reward -0.227
  step   347  ep 5 phase B  action hint/default  reward -0.080
  step   348  ep 5 phase B  action off/default  reward +0.119
  step   349  ep 5 phase B  action off/sparse  reward +0.123
  step   350  ep 5 phase B  action hint/dense  reward -0.094
  step   351  ep 5 phase B  action off/default  reward +0.169
  step   352  ep 5 phase B  action off/default  reward +0.215
  step   353  ep 5 phase B  action off/dense  reward +0.171
  step   354  ep 5 phase B  action off/default  reward +0.169
  step   355  ep 5 phase B  action join/default  reward -0.084
  step   356  ep 5 phase B  action off/dense  reward +0.139
  step   357  ep 5 phase B  action hint/sparse  reward -0.054
  step   358  ep 5 phase B  action join/sparse  reward -0.071
  step   359  ep 5 phase B  action off/dense  reward +0.059
  step   360  ep 5 phase B  action off/default  reward +0.083
[episode 5] return +1.36  mean reward +0.023  (last 5 episodes: -0.015)  2059 s
  step   361  ep 6 phase A  action off/dense  reward +0.135
  step   362  ep 6 phase A  action join/sparse  reward -0.015
  step   363  ep 6 phase A  action off/default  reward +0.145
  step   364  ep 6 phase A  action off/default  reward +0.186
  step   365  ep 6 phase A  action auto/sparse  reward -0.038
  step   366  ep 6 phase A  action off/dense  reward +0.126
  step   367  ep 6 phase A  action hint/default  reward -0.124
  step   368  ep 6 phase A  action off/sparse  reward +0.109
  step   369  ep 6 phase A  action hint/default  reward -0.129
  step   370  ep 6 phase A  action join/dense  reward -0.050
  step   371  ep 6 phase A  action auto/sparse  reward -0.055
  step   372  ep 6 phase A  action off/default  reward +0.120
  step   373  ep 6 phase A  action auto/sparse  reward -0.096
  step   374  ep 6 phase A  action off/sparse  reward +0.123
  step   375  ep 6 phase A  action off/dense  reward +0.121
  step   376  ep 6 phase A  action off/sparse  reward +0.116
  step   377  ep 6 phase A  action auto/sparse  reward -0.092
  step   378  ep 6 phase A  action join/sparse  reward -0.068
  step   379  ep 6 phase A  action hint/dense  reward -0.136
  step   380  ep 6 phase A  action auto/dense  reward -0.137
  step   381  ep 6 phase A  action hint/dense  reward -0.125
  step   382  ep 6 phase A  action hint/default  reward -0.144
  step   383  ep 6 phase A  action hint/dense  reward -0.114
  step   384  ep 6 phase A  action join/default  reward -0.064
  step   385  ep 6 phase A  action off/sparse  reward +0.119
  step   386  ep 6 phase A  action join/sparse  reward -0.056
  step   387  ep 6 phase A  action off/sparse  reward +0.105
  step   388  ep 6 phase A  action off/sparse  reward +0.178
  step   389  ep 6 phase A  action off/default  reward +0.107
  step   390  ep 6 phase A  action off/dense  reward +0.107
  step   391  ep 6 phase B  action off/dense  reward +0.317
  step   392  ep 6 phase B  action off/default  reward +0.095
  step   393  ep 6 phase B  action hint/default  reward +0.046
  step   394  ep 6 phase B  action off/sparse  reward +0.002
  step   395  ep 6 phase B  action off/default  reward +0.198
  step   396  ep 6 phase B  action auto/sparse  reward -0.047
  step   397  ep 6 phase B  action join/default  reward -0.039
  step   398  ep 6 phase B  action auto/dense  reward -0.010
  step   399  ep 6 phase B  action off/dense  reward +0.232
  step   400  ep 6 phase B  action auto/sparse  reward -0.174
  step   401  ep 6 phase B  action join/sparse  reward -0.232
  step   402  ep 6 phase B  action off/default  reward +0.153
  step   403  ep 6 phase B  action off/dense  reward +0.165
  step   404  ep 6 phase B  action off/dense  reward +0.205
  step   405  ep 6 phase B  action off/sparse  reward +0.212
  step   406  ep 6 phase B  action off/dense  reward +0.206
  step   407  ep 6 phase B  action off/default  reward +0.098
  step   408  ep 6 phase B  action join/sparse  reward -0.058
  step   409  ep 6 phase B  action auto/dense  reward -0.038
  step   410  ep 6 phase B  action off/dense  reward +0.182
  step   411  ep 6 phase B  action auto/dense  reward -0.039
  step   412  ep 6 phase B  action off/default  reward +0.212
  step   413  ep 6 phase B  action off/sparse  reward +0.034
  step   414  ep 6 phase B  action off/dense  reward +0.116
  step   415  ep 6 phase B  action off/default  reward +0.160
  step   416  ep 6 phase B  action join/dense  reward -0.073
  step   417  ep 6 phase B  action join/dense  reward -0.041
  step   418  ep 6 phase B  action off/default  reward +0.115
  step   419  ep 6 phase B  action off/dense  reward +0.114
  step   420  ep 6 phase B  action off/sparse  reward -0.158
[episode 6] return +2.30  mean reward +0.038  (last 5 episodes: -0.005)  2049 s
  step   421  ep 7 phase A  action off/dense  reward +0.157
  step   422  ep 7 phase A  action off/sparse  reward +0.141
  step   423  ep 7 phase A  action off/default  reward +0.128
  step   424  ep 7 phase A  action off/sparse  reward +0.135
  step   425  ep 7 phase A  action off/default  reward +0.136
  step   426  ep 7 phase A  action off/default  reward +0.204
  step   427  ep 7 phase A  action auto/sparse  reward -0.034
  step   428  ep 7 phase A  action off/sparse  reward +0.142
  step   429  ep 7 phase A  action off/sparse  reward +0.173
  step   430  ep 7 phase A  action off/sparse  reward +0.192
  step   431  ep 7 phase A  action join/dense  reward -0.047
  step   432  ep 7 phase A  action off/default  reward +0.141
  step   433  ep 7 phase A  action auto/dense  reward -0.053
  step   434  ep 7 phase A  action off/default  reward +0.129
  step   435  ep 7 phase A  action off/default  reward +0.174
  step   436  ep 7 phase A  action join/sparse  reward -0.049
  step   437  ep 7 phase A  action off/dense  reward +0.120
  step   438  ep 7 phase A  action off/default  reward +0.109
  step   439  ep 7 phase A  action off/default  reward +0.137
  step   440  ep 7 phase A  action auto/default  reward -0.219
  step   441  ep 7 phase A  action off/sparse  reward +0.074
  step   442  ep 7 phase A  action join/dense  reward -0.070
  step   443  ep 7 phase A  action off/dense  reward +0.098
  step   444  ep 7 phase A  action hint/default  reward -0.143
  step   445  ep 7 phase A  action off/sparse  reward +0.086
  step   446  ep 7 phase A  action off/default  reward +0.105
  step   447  ep 7 phase A  action off/sparse  reward +0.085
  step   448  ep 7 phase A  action off/default  reward +0.102
  step   449  ep 7 phase A  action off/dense  reward +0.082
  step   450  ep 7 phase A  action off/default  reward +0.079
  step   451  ep 7 phase B  action join/dense  reward +0.079
  step   452  ep 7 phase B  action off/sparse  reward +0.047
  step   453  ep 7 phase B  action off/sparse  reward +0.277
  step   454  ep 7 phase B  action off/sparse  reward +0.219
  step   455  ep 7 phase B  action off/sparse  reward +0.115
  step   456  ep 7 phase B  action off/default  reward +0.177
  step   457  ep 7 phase B  action auto/default  reward -0.045
  step   458  ep 7 phase B  action off/sparse  reward +0.176
  step   459  ep 7 phase B  action off/default  reward +0.124
  step   460  ep 7 phase B  action off/default  reward +0.268
  step   461  ep 7 phase B  action off/dense  reward +0.240
  step   462  ep 7 phase B  action off/dense  reward +0.273
  step   463  ep 7 phase B  action off/sparse  reward -0.125
  step   464  ep 7 phase B  action hint/dense  reward -0.111
  step   465  ep 7 phase B  action off/dense  reward +0.146
  step   466  ep 7 phase B  action off/default  reward +0.141
  step   467  ep 7 phase B  action hint/dense  reward -0.095
  step   468  ep 7 phase B  action off/default  reward +0.139
  step   469  ep 7 phase B  action off/dense  reward +0.133
  step   470  ep 7 phase B  action hint/default  reward -0.138
  step   471  ep 7 phase B  action off/sparse  reward -0.011
  step   472  ep 7 phase B  action off/sparse  reward +0.125
  step   473  ep 7 phase B  action off/dense  reward +0.140
  step   474  ep 7 phase B  action off/sparse  reward +0.136
  step   475  ep 7 phase B  action auto/dense  reward -0.105
  step   476  ep 7 phase B  action auto/sparse  reward -0.099
  step   477  ep 7 phase B  action off/sparse  reward +0.125
  step   478  ep 7 phase B  action off/dense  reward +0.077
  step   479  ep 7 phase B  action off/default  reward +0.143
  step   480  ep 7 phase B  action off/sparse  reward +0.118
[episode 7] return +5.01  mean reward +0.083  (last 5 episodes: +0.020)  2057 s
  step   481  ep 8 phase A  action auto/dense  reward -0.041
  step   482  ep 8 phase A  action off/default  reward +0.134
  step   483  ep 8 phase A  action off/dense  reward +0.164
  step   484  ep 8 phase A  action off/default  reward +0.145
  step   485  ep 8 phase A  action off/sparse  reward +0.122
  step   486  ep 8 phase A  action auto/sparse  reward -0.043
  step   487  ep 8 phase A  action off/default  reward +0.151
  step   488  ep 8 phase A  action off/dense  reward +0.140
  step   489  ep 8 phase A  action off/default  reward +0.146
  step   490  ep 8 phase A  action off/dense  reward +0.165
  step   491  ep 8 phase A  action off/default  reward +0.151
  step   492  ep 8 phase A  action off/sparse  reward +0.128
  step   493  ep 8 phase A  action off/dense  reward +0.130
  step   494  ep 8 phase A  action auto/sparse  reward -0.053
  step   495  ep 8 phase A  action off/default  reward +0.147
  step   496  ep 8 phase A  action off/default  reward +0.190
  step   497  ep 8 phase A  action off/dense  reward +0.118
  step   498  ep 8 phase A  action off/dense  reward +0.161
  step   499  ep 8 phase A  action off/default  reward +0.061
  step   500  ep 8 phase A  action off/default  reward +0.036
  step   501  ep 8 phase A  action off/sparse  reward +0.040
  step   502  ep 8 phase A  action off/dense  reward +0.084
  step   503  ep 8 phase A  action auto/default  reward -0.143
  step   504  ep 8 phase A  action off/default  reward +0.057
  step   505  ep 8 phase A  action off/dense  reward +0.083
  step   506  ep 8 phase A  action auto/sparse  reward -0.114
  step   507  ep 8 phase A  action auto/default  reward -0.113
  step   508  ep 8 phase A  action auto/dense  reward -0.119
  step   509  ep 8 phase A  action off/default  reward +0.061
  step   510  ep 8 phase A  action off/sparse  reward +0.088
  step   511  ep 8 phase B  action off/default  reward +0.196
  step   512  ep 8 phase B  action off/sparse  reward +0.151
  step   513  ep 8 phase B  action off/sparse  reward +0.168
  step   514  ep 8 phase B  action off/sparse  reward +0.215
  step   515  ep 8 phase B  action auto/sparse  reward -0.125
  step   516  ep 8 phase B  action hint/default  reward -0.078
  step   517  ep 8 phase B  action join/sparse  reward -0.022
  step   518  ep 8 phase B  action off/default  reward +0.173
  step   519  ep 8 phase B  action hint/default  reward -0.033
  step   520  ep 8 phase B  action off/default  reward +0.137
  step   521  ep 8 phase B  action off/sparse  reward +0.212
  step   522  ep 8 phase B  action off/default  reward +0.152
  step   523  ep 8 phase B  action off/default  reward +0.205
  step   524  ep 8 phase B  action off/dense  reward +0.087
  step   525  ep 8 phase B  action off/sparse  reward +0.204
  step   526  ep 8 phase B  action off/default  reward +0.070
  step   527  ep 8 phase B  action off/dense  reward +0.139
  step   528  ep 8 phase B  action auto/sparse  reward -0.341
  step   529  ep 8 phase B  action auto/sparse  reward -0.138
  step   530  ep 8 phase B  action off/default  reward +0.111
  step   531  ep 8 phase B  action auto/sparse  reward -0.080
  step   532  ep 8 phase B  action off/sparse  reward +0.051
  step   533  ep 8 phase B  action off/dense  reward +0.147
  step   534  ep 8 phase B  action auto/sparse  reward -0.075
  step   535  ep 8 phase B  action off/default  reward +0.153
  step   536  ep 8 phase B  action off/sparse  reward +0.144
  step   537  ep 8 phase B  action off/dense  reward +0.168
  step   538  ep 8 phase B  action auto/dense  reward -0.324
  step   539  ep 8 phase B  action off/dense  reward +0.095
  step   540  ep 8 phase B  action join/dense  reward -0.031
[episode 8] return +3.81  mean reward +0.063  (last 5 episodes: +0.037)  2052 s
  step   541  ep 9 phase A  action off/default  reward +0.114
  step   542  ep 9 phase A  action hint/dense  reward -0.109
  step   543  ep 9 phase A  action auto/sparse  reward -0.049
  step   544  ep 9 phase A  action off/sparse  reward +0.132
  step   545  ep 9 phase A  action off/default  reward +0.144
  step   546  ep 9 phase A  action auto/dense  reward -0.045
  step   547  ep 9 phase A  action off/default  reward +0.146
  step   548  ep 9 phase A  action off/default  reward +0.204
  step   549  ep 9 phase A  action off/dense  reward +0.147
  step   550  ep 9 phase A  action auto/sparse  reward -0.068
  step   551  ep 9 phase A  action hint/sparse  reward -0.106
  step   552  ep 9 phase A  action off/default  reward +0.122
  step   553  ep 9 phase A  action off/default  reward +0.175
  step   554  ep 9 phase A  action off/default  reward +0.185
  step   555  ep 9 phase A  action off/default  reward +0.184
  step   556  ep 9 phase A  action off/default  reward +0.175
  step   557  ep 9 phase A  action off/default  reward +0.180
  step   558  ep 9 phase A  action off/default  reward +0.189
  step   559  ep 9 phase A  action off/sparse  reward +0.046
  step   560  ep 9 phase A  action auto/dense  reward -0.148
  step   561  ep 9 phase A  action off/default  reward +0.092
  step   562  ep 9 phase A  action off/sparse  reward +0.110
  step   563  ep 9 phase A  action off/sparse  reward +0.142
  step   564  ep 9 phase A  action join/sparse  reward -0.077
  step   565  ep 9 phase A  action off/dense  reward +0.105
  step   566  ep 9 phase A  action off/default  reward +0.102
  step   567  ep 9 phase A  action hint/dense  reward -0.133
  step   568  ep 9 phase A  action off/default  reward +0.085
  step   569  ep 9 phase A  action off/dense  reward +0.102
  step   570  ep 9 phase A  action off/default  reward +0.104
  step   571  ep 9 phase B  action off/sparse  reward +0.143
  step   572  ep 9 phase B  action off/dense  reward +0.230
  step   573  ep 9 phase B  action off/dense  reward +0.268
  step   574  ep 9 phase B  action off/default  reward +0.162
  step   575  ep 9 phase B  action off/default  reward +0.190
  step   576  ep 9 phase B  action off/dense  reward +0.186
  step   577  ep 9 phase B  action off/default  reward +0.073
  step   578  ep 9 phase B  action join/sparse  reward -0.094
  step   579  ep 9 phase B  action hint/dense  reward -0.022
  step   580  ep 9 phase B  action off/default  reward +0.107
  step   581  ep 9 phase B  action off/default  reward +0.259
  step   582  ep 9 phase B  action hint/sparse  reward -0.032
  step   583  ep 9 phase B  action off/sparse  reward +0.168
  step   584  ep 9 phase B  action off/default  reward +0.166
  step   585  ep 9 phase B  action off/sparse  reward +0.007
  step   586  ep 9 phase B  action hint/dense  reward -0.072
  step   587  ep 9 phase B  action off/default  reward +0.140
  step   588  ep 9 phase B  action off/default  reward +0.203
  step   589  ep 9 phase B  action off/default  reward +0.196
  step   590  ep 9 phase B  action off/default  reward +0.154
  step   591  ep 9 phase B  action off/sparse  reward +0.114
  step   592  ep 9 phase B  action off/default  reward +0.194
  step   593  ep 9 phase B  action off/default  reward +0.164
  step   594  ep 9 phase B  action off/default  reward +0.189
  step   595  ep 9 phase B  action off/dense  reward +0.171
  step   596  ep 9 phase B  action join/default  reward -0.062
  step   597  ep 9 phase B  action off/default  reward +0.119
  step   598  ep 9 phase B  action join/default  reward -0.080
  step   599  ep 9 phase B  action off/default  reward +0.184
  step   600  ep 9 phase B  action off/sparse  reward +0.199
[episode 9] return +5.88  mean reward +0.098  (last 5 episodes: +0.061)  2059 s
[mid-way check at step 600] mean reward of the last 5 episodes: +0.061  -> above the original system
  step   601  ep 10 phase A  action off/sparse  reward +0.148
  step   602  ep 10 phase A  action off/dense  reward +0.151
  step   603  ep 10 phase A  action off/default  reward +0.152
  step   604  ep 10 phase A  action off/dense  reward +0.119
  step   605  ep 10 phase A  action off/dense  reward +0.194
  step   606  ep 10 phase A  action off/sparse  reward +0.146
  step   607  ep 10 phase A  action off/default  reward +0.152
  step   608  ep 10 phase A  action off/sparse  reward +0.131
  step   609  ep 10 phase A  action join/sparse  reward -0.032
  step   610  ep 10 phase A  action off/dense  reward +0.128
  step   611  ep 10 phase A  action off/default  reward +0.134
  step   612  ep 10 phase A  action off/default  reward +0.186
  step   613  ep 10 phase A  action auto/sparse  reward -0.047
  step   614  ep 10 phase A  action off/default  reward +0.126
  step   615  ep 10 phase A  action auto/dense  reward -0.062
  step   616  ep 10 phase A  action off/sparse  reward +0.132
  step   617  ep 10 phase A  action hint/default  reward -0.127
  step   618  ep 10 phase A  action off/sparse  reward +0.137
  step   619  ep 10 phase A  action off/default  reward +0.108
  step   620  ep 10 phase A  action off/default  reward +0.110
  step   621  ep 10 phase A  action off/default  reward +0.136
  step   622  ep 10 phase A  action off/default  reward +0.164
  step   623  ep 10 phase A  action off/sparse  reward +0.124
  step   624  ep 10 phase A  action off/sparse  reward +0.129
  step   625  ep 10 phase A  action off/default  reward +0.107
  step   626  ep 10 phase A  action off/dense  reward +0.128
  step   627  ep 10 phase A  action off/default  reward +0.115
  step   628  ep 10 phase A  action off/default  reward +0.170
  step   629  ep 10 phase A  action off/default  reward +0.158
  step   630  ep 10 phase A  action off/default  reward +0.147
  step   631  ep 10 phase B  action off/default  reward +0.300
  step   632  ep 10 phase B  action auto/sparse  reward +0.009
  step   633  ep 10 phase B  action off/dense  reward +0.222
  step   634  ep 10 phase B  action off/dense  reward +0.110
  step   635  ep 10 phase B  action off/default  reward +0.244
  step   636  ep 10 phase B  action off/default  reward +0.056
  step   637  ep 10 phase B  action off/sparse  reward +0.228
  step   638  ep 10 phase B  action off/sparse  reward +0.249
  step   639  ep 10 phase B  action off/default  reward +0.077
  step   640  ep 10 phase B  action off/default  reward +0.243
  step   641  ep 10 phase B  action join/default  reward +0.021
  step   642  ep 10 phase B  action off/dense  reward +0.204
  step   643  ep 10 phase B  action off/sparse  reward -0.081
  step   644  ep 10 phase B  action off/default  reward +0.109
  step   645  ep 10 phase B  action join/default  reward -0.068
  step   646  ep 10 phase B  action off/default  reward +0.125
  step   647  ep 10 phase B  action off/default  reward +0.209
  step   648  ep 10 phase B  action off/dense  reward +0.169
  step   649  ep 10 phase B  action off/sparse  reward +0.152
  step   650  ep 10 phase B  action off/default  reward +0.105
  step   651  ep 10 phase B  action off/default  reward +0.165
  step   652  ep 10 phase B  action off/dense  reward +0.199
  step   653  ep 10 phase B  action off/default  reward +0.160
  step   654  ep 10 phase B  action off/sparse  reward +0.194
  step   655  ep 10 phase B  action off/default  reward +0.208
  step   656  ep 10 phase B  action off/default  reward +0.242
  step   657  ep 10 phase B  action off/dense  reward +0.176
  step   658  ep 10 phase B  action off/default  reward +0.036
  step   659  ep 10 phase B  action off/dense  reward +0.135
  step   660  ep 10 phase B  action auto/default  reward -0.026
[episode 10] return +7.54  mean reward +0.126  (last 5 episodes: +0.082)  2059 s
  step   661  ep 11 phase A  action join/dense  reward -0.037
  step   662  ep 11 phase A  action off/default  reward +0.145
  step   663  ep 11 phase A  action off/default  reward +0.183
  step   664  ep 11 phase A  action off/dense  reward +0.148
  step   665  ep 11 phase A  action off/sparse  reward +0.145
  step   666  ep 11 phase A  action off/default  reward +0.133
  step   667  ep 11 phase A  action off/dense  reward +0.133
  step   668  ep 11 phase A  action off/default  reward +0.133
  step   669  ep 11 phase A  action off/default  reward +0.192
  step   670  ep 11 phase A  action off/sparse  reward +0.116
  step   671  ep 11 phase A  action off/sparse  reward +0.218
  step   672  ep 11 phase A  action hint/default  reward -0.115
  step   673  ep 11 phase A  action off/sparse  reward +0.114
  step   674  ep 11 phase A  action join/dense  reward -0.046
  step   675  ep 11 phase A  action off/dense  reward +0.132
  step   676  ep 11 phase A  action off/sparse  reward +0.135
  step   677  ep 11 phase A  action off/default  reward +0.131
  step   678  ep 11 phase A  action off/default  reward +0.164
  step   679  ep 11 phase A  action off/default  reward +0.112
  step   680  ep 11 phase A  action off/default  reward +0.069
  step   681  ep 11 phase A  action auto/dense  reward -0.075
  step   682  ep 11 phase A  action off/default  reward +0.086
  step   683  ep 11 phase A  action off/default  reward +0.123
  step   684  ep 11 phase A  action off/default  reward +0.148
  step   685  ep 11 phase A  action off/default  reward +0.123
  step   686  ep 11 phase A  action off/default  reward +0.140
  step   687  ep 11 phase A  action off/default  reward +0.121
  step   688  ep 11 phase A  action auto/dense  reward -0.111
  step   689  ep 11 phase A  action off/default  reward +0.090
  step   690  ep 11 phase A  action off/sparse  reward +0.083
  step   691  ep 11 phase B  action off/sparse  reward +0.150
  step   692  ep 11 phase B  action off/dense  reward +0.208
  step   693  ep 11 phase B  action off/default  reward +0.200
  step   694  ep 11 phase B  action off/default  reward +0.291
  step   695  ep 11 phase B  action auto/sparse  reward -0.187
  step   696  ep 11 phase B  action off/sparse  reward +0.141
  step   697  ep 11 phase B  action off/default  reward +0.190
  step   698  ep 11 phase B  action off/default  reward +0.205
  step   699  ep 11 phase B  action off/default  reward +0.188
  step   700  ep 11 phase B  action off/default  reward +0.214
  step   701  ep 11 phase B  action off/sparse  reward +0.245
  step   702  ep 11 phase B  action off/default  reward +0.214
  step   703  ep 11 phase B  action off/default  reward +0.115
  step   704  ep 11 phase B  action join/sparse  reward -0.241
  step   705  ep 11 phase B  action off/default  reward +0.187
  step   706  ep 11 phase B  action off/default  reward +0.241
  step   707  ep 11 phase B  action off/dense  reward +0.161
  step   708  ep 11 phase B  action off/sparse  reward +0.111
  step   709  ep 11 phase B  action off/default  reward -0.003
  step   710  ep 11 phase B  action off/sparse  reward +0.133
  step   711  ep 11 phase B  action off/sparse  reward +0.221
  step   712  ep 11 phase B  action off/default  reward +0.102
  step   713  ep 11 phase B  action off/default  reward +0.215
  step   714  ep 11 phase B  action off/default  reward +0.228
  step   715  ep 11 phase B  action off/default  reward +0.209
  step   716  ep 11 phase B  action auto/dense  reward -0.389
  step   717  ep 11 phase B  action off/dense  reward +0.159
  step   718  ep 11 phase B  action off/sparse  reward +0.101
  step   719  ep 11 phase B  action off/sparse  reward +0.127
  step   720  ep 11 phase B  action off/default  reward +0.058
[episode 11] return +6.72  mean reward +0.112  (last 5 episodes: +0.097)  2052 s
  step   721  ep 12 phase A  action off/default  reward +0.145
  step   722  ep 12 phase A  action off/default  reward +0.214
  step   723  ep 12 phase A  action off/sparse  reward +0.147
  step   724  ep 12 phase A  action off/default  reward +0.125
  step   725  ep 12 phase A  action off/sparse  reward +0.127
  step   726  ep 12 phase A  action off/default  reward +0.121
  step   727  ep 12 phase A  action off/dense  reward +0.150
  step   728  ep 12 phase A  action off/default  reward +0.137
  step   729  ep 12 phase A  action off/dense  reward +0.128
  step   730  ep 12 phase A  action off/default  reward +0.143
  step   731  ep 12 phase A  action off/default  reward +0.200
  step   732  ep 12 phase A  action off/default  reward +0.193
  step   733  ep 12 phase A  action off/default  reward +0.177
  step   734  ep 12 phase A  action off/sparse  reward +0.120
  step   735  ep 12 phase A  action off/sparse  reward +0.179
  step   736  ep 12 phase A  action off/default  reward +0.142
  step   737  ep 12 phase A  action off/default  reward +0.166
  step   738  ep 12 phase A  action off/dense  reward +0.099
  step   739  ep 12 phase A  action off/sparse  reward +0.004
  step   740  ep 12 phase A  action off/default  reward -0.009
  step   741  ep 12 phase A  action off/default  reward +0.083
  step   742  ep 12 phase A  action off/default  reward +0.111
  step   743  ep 12 phase A  action off/sparse  reward +0.075
  step   744  ep 12 phase A  action off/default  reward +0.077
  step   745  ep 12 phase A  action off/default  reward +0.130
  step   746  ep 12 phase A  action off/default  reward +0.104
  step   747  ep 12 phase A  action off/default  reward +0.119
  step   748  ep 12 phase A  action off/sparse  reward +0.062
  step   749  ep 12 phase A  action off/default  reward +0.073
  step   750  ep 12 phase A  action off/sparse  reward +0.028
  step   751  ep 12 phase B  action auto/dense  reward +0.044
  step   752  ep 12 phase B  action off/default  reward +0.159
  step   753  ep 12 phase B  action off/default  reward +0.305
  step   754  ep 12 phase B  action off/default  reward +0.230
  step   755  ep 12 phase B  action off/dense  reward +0.239
  step   756  ep 12 phase B  action off/dense  reward +0.270
  step   757  ep 12 phase B  action off/default  reward +0.086
  step   758  ep 12 phase B  action off/dense  reward +0.204
  step   759  ep 12 phase B  action off/default  reward +0.161
  step   760  ep 12 phase B  action off/sparse  reward -0.028
  step   761  ep 12 phase B  action off/default  reward +0.172
  step   762  ep 12 phase B  action off/sparse  reward +0.184
  step   763  ep 12 phase B  action off/sparse  reward +0.012
  step   764  ep 12 phase B  action off/default  reward +0.149
  step   765  ep 12 phase B  action off/sparse  reward +0.090
  step   766  ep 12 phase B  action off/default  reward +0.124
  step   767  ep 12 phase B  action off/default  reward +0.206
  step   768  ep 12 phase B  action off/default  reward +0.218
  step   769  ep 12 phase B  action off/dense  reward +0.165
  step   770  ep 12 phase B  action off/dense  reward +0.226
  step   771  ep 12 phase B  action off/default  reward +0.191
  step   772  ep 12 phase B  action off/default  reward +0.211
  step   773  ep 12 phase B  action off/dense  reward -0.037
  step   774  ep 12 phase B  action off/dense  reward +0.193
  step   775  ep 12 phase B  action off/sparse  reward +0.143
  step   776  ep 12 phase B  action off/default  reward -0.023
  step   777  ep 12 phase B  action off/dense  reward +0.143
  step   778  ep 12 phase B  action off/default  reward +0.156
  step   779  ep 12 phase B  action off/default  reward +0.197
  step   780  ep 12 phase B  action off/default  reward +0.103
[episode 12] return +8.06  mean reward +0.134  (last 5 episodes: +0.107)  2060 s
  step   781  ep 13 phase A  action off/default  reward +0.134
  step   782  ep 13 phase A  action off/default  reward +0.162
  step   783  ep 13 phase A  action off/default  reward +0.201
  step   784  ep 13 phase A  action off/default  reward +0.190
  step   785  ep 13 phase A  action off/dense  reward +0.144
  step   786  ep 13 phase A  action hint/default  reward -0.077
  step   787  ep 13 phase A  action off/default  reward +0.152
  step   788  ep 13 phase A  action off/default  reward +0.178
  step   789  ep 13 phase A  action off/default  reward +0.198
  step   790  ep 13 phase A  action hint/default  reward -0.089
  step   791  ep 13 phase A  action off/sparse  reward +0.124
  step   792  ep 13 phase A  action off/dense  reward +0.142
  step   793  ep 13 phase A  action auto/default  reward -0.043
  step   794  ep 13 phase A  action off/default  reward +0.138
  step   795  ep 13 phase A  action off/default  reward +0.194
  step   796  ep 13 phase A  action join/dense  reward -0.035
  step   797  ep 13 phase A  action off/default  reward +0.130
  step   798  ep 13 phase A  action off/sparse  reward +0.136
  step   799  ep 13 phase A  action off/default  reward +0.092
  step   800  ep 13 phase A  action off/default  reward +0.041
  step   801  ep 13 phase A  action off/sparse  reward +0.094
  step   802  ep 13 phase A  action off/default  reward +0.074
  step   803  ep 13 phase A  action off/default  reward +0.141
  step   804  ep 13 phase A  action off/default  reward +0.158
  step   805  ep 13 phase A  action off/default  reward +0.156
  step   806  ep 13 phase A  action off/default  reward +0.131
  step   807  ep 13 phase A  action off/default  reward +0.142
  step   808  ep 13 phase A  action off/default  reward +0.143
  step   809  ep 13 phase A  action off/default  reward +0.122
  step   810  ep 13 phase A  action off/default  reward +0.131
  step   811  ep 13 phase B  action off/default  reward +0.290
  step   812  ep 13 phase B  action off/sparse  reward +0.228
  step   813  ep 13 phase B  action off/default  reward +0.179
  step   814  ep 13 phase B  action hint/dense  reward +0.022
  step   815  ep 13 phase B  action off/default  reward +0.195
  step   816  ep 13 phase B  action off/default  reward +0.211
  step   817  ep 13 phase B  action off/default  reward +0.269
  step   818  ep 13 phase B  action off/dense  reward +0.214
  step   819  ep 13 phase B  action off/default  reward +0.174
  step   820  ep 13 phase B  action off/default  reward +0.188
  step   821  ep 13 phase B  action off/default  reward +0.255
  step   822  ep 13 phase B  action off/dense  reward +0.237
  step   823  ep 13 phase B  action off/default  reward +0.163
  step   824  ep 13 phase B  action off/default  reward +0.156
  step   825  ep 13 phase B  action off/dense  reward +0.213
  step   826  ep 13 phase B  action off/dense  reward +0.254
  step   827  ep 13 phase B  action off/default  reward +0.221
  step   828  ep 13 phase B  action off/dense  reward +0.162
  step   829  ep 13 phase B  action off/default  reward +0.030
  step   830  ep 13 phase B  action off/default  reward +0.081
  step   831  ep 13 phase B  action off/sparse  reward +0.157
  step   832  ep 13 phase B  action off/sparse  reward +0.228
  step   833  ep 13 phase B  action off/default  reward +0.160
  step   834  ep 13 phase B  action off/default  reward +0.232
  step   835  ep 13 phase B  action off/dense  reward +0.175
  step   836  ep 13 phase B  action off/default  reward +0.007
  step   837  ep 13 phase B  action off/default  reward +0.188
  step   838  ep 13 phase B  action join/dense  reward -0.553
  step   839  ep 13 phase B  action off/default  reward +0.178
  step   840  ep 13 phase B  action off/default  reward +0.265
[episode 13] return +8.18  mean reward +0.136  (last 5 episodes: +0.121)  2064 s
  step   841  ep 14 phase A  action off/default  reward +0.139
  step   842  ep 14 phase A  action off/sparse  reward +0.144
  step   843  ep 14 phase A  action off/dense  reward +0.134
  step   844  ep 14 phase A  action off/default  reward +0.124
  step   845  ep 14 phase A  action off/default  reward +0.171
  step   846  ep 14 phase A  action off/default  reward +0.174
  step   847  ep 14 phase A  action join/dense  reward -0.039
  step   848  ep 14 phase A  action off/default  reward +0.121
  step   849  ep 14 phase A  action off/default  reward +0.182
  step   850  ep 14 phase A  action off/default  reward +0.161
  step   851  ep 14 phase A  action auto/default  reward -0.074
  step   852  ep 14 phase A  action off/default  reward +0.104
  step   853  ep 14 phase A  action off/dense  reward +0.116
  step   854  ep 14 phase A  action off/default  reward +0.132
  step   855  ep 14 phase A  action off/default  reward +0.150
  step   856  ep 14 phase A  action off/default  reward +0.154
  step   857  ep 14 phase A  action hint/dense  reward -0.130
  step   858  ep 14 phase A  action off/default  reward +0.110
  step   859  ep 14 phase A  action off/default  reward +0.137
  step   860  ep 14 phase A  action off/dense  reward +0.071
  step   861  ep 14 phase A  action off/dense  reward +0.165
  step   862  ep 14 phase A  action off/default  reward +0.124
  step   863  ep 14 phase A  action off/default  reward +0.166
  step   864  ep 14 phase A  action off/dense  reward +0.123
  step   865  ep 14 phase A  action off/default  reward +0.116
  step   866  ep 14 phase A  action off/dense  reward +0.110
  step   867  ep 14 phase A  action off/default  reward +0.111
  step   868  ep 14 phase A  action off/sparse  reward +0.112
  step   869  ep 14 phase A  action off/default  reward +0.108
  step   870  ep 14 phase A  action off/dense  reward +0.113
  step   871  ep 14 phase B  action auto/dense  reward +0.029
  step   872  ep 14 phase B  action off/default  reward +0.086
  step   873  ep 14 phase B  action off/sparse  reward +0.245
  step   874  ep 14 phase B  action off/default  reward +0.096
  step   875  ep 14 phase B  action off/dense  reward +0.235
  step   876  ep 14 phase B  action join/default  reward -0.162
  step   877  ep 14 phase B  action off/sparse  reward +0.203
  step   878  ep 14 phase B  action off/sparse  reward +0.248
  step   879  ep 14 phase B  action off/default  reward +0.047
  step   880  ep 14 phase B  action off/sparse  reward +0.181
  step   881  ep 14 phase B  action off/dense  reward +0.227
  step   882  ep 14 phase B  action off/default  reward +0.173
  step   883  ep 14 phase B  action off/default  reward +0.142
  step   884  ep 14 phase B  action off/sparse  reward +0.129
  step   885  ep 14 phase B  action off/default  reward +0.198
  step   886  ep 14 phase B  action off/default  reward +0.265
  step   887  ep 14 phase B  action auto/sparse  reward -0.125
  step   888  ep 14 phase B  action off/default  reward +0.077
  step   889  ep 14 phase B  action off/default  reward +0.175
  step   890  ep 14 phase B  action off/default  reward +0.227
  step   891  ep 14 phase B  action off/default  reward +0.231
  step   892  ep 14 phase B  action off/dense  reward +0.200
  step   893  ep 14 phase B  action off/default  reward +0.195
  step   894  ep 14 phase B  action off/dense  reward +0.163
  step   895  ep 14 phase B  action off/default  reward +0.027
  step   896  ep 14 phase B  action join/sparse  reward -0.103
  step   897  ep 14 phase B  action off/default  reward +0.145
  step   898  ep 14 phase B  action off/dense  reward +0.097
  step   899  ep 14 phase B  action off/dense  reward +0.188
  step   900  ep 14 phase B  action off/sparse  reward +0.180
[episode 14] return +7.35  mean reward +0.122  (last 5 episodes: +0.126)  2058 s
  step   901  ep 15 phase A  action off/default  reward +0.165
  step   902  ep 15 phase A  action off/default  reward +0.148
  step   903  ep 15 phase A  action hint/default  reward -0.119
  step   904  ep 15 phase A  action off/default  reward +0.120
  step   905  ep 15 phase A  action off/default  reward +0.192
  step   906  ep 15 phase A  action off/sparse  reward +0.119
  step   907  ep 15 phase A  action off/default  reward +0.124
  step   908  ep 15 phase A  action off/dense  reward +0.117
  step   909  ep 15 phase A  action off/default  reward +0.134
  step   910  ep 15 phase A  action off/default  reward +0.180
  step   911  ep 15 phase A  action off/default  reward +0.152
  step   912  ep 15 phase A  action off/default  reward +0.169
  step   913  ep 15 phase A  action off/default  reward +0.165
  step   914  ep 15 phase A  action off/sparse  reward +0.122
  step   915  ep 15 phase A  action off/sparse  reward +0.163
  step   916  ep 15 phase A  action off/dense  reward +0.109
  step   917  ep 15 phase A  action off/default  reward +0.113
  step   918  ep 15 phase A  action off/default  reward +0.144
  step   919  ep 15 phase A  action off/default  reward +0.151
  step   920  ep 15 phase A  action off/dense  reward +0.045
  step   921  ep 15 phase A  action off/default  reward +0.085
  step   922  ep 15 phase A  action off/default  reward +0.145
  step   923  ep 15 phase A  action off/default  reward +0.164
  step   924  ep 15 phase A  action off/default  reward +0.151
  step   925  ep 15 phase A  action off/sparse  reward +0.101
  step   926  ep 15 phase A  action off/default  reward +0.105
  step   927  ep 15 phase A  action off/default  reward +0.158
  step   928  ep 15 phase A  action off/dense  reward +0.109
  step   929  ep 15 phase A  action off/dense  reward +0.120
  step   930  ep 15 phase A  action off/default  reward +0.098
  step   931  ep 15 phase B  action off/default  reward +0.276
  step   932  ep 15 phase B  action off/sparse  reward +0.059
  step   933  ep 15 phase B  action off/default  reward +0.196
  step   934  ep 15 phase B  action off/default  reward +0.241
  step   935  ep 15 phase B  action off/sparse  reward +0.074
  step   936  ep 15 phase B  action off/default  reward +0.144
  step   937  ep 15 phase B  action off/default  reward +0.225
  step   938  ep 15 phase B  action off/default  reward +0.233
  step   939  ep 15 phase B  action off/sparse  reward +0.019
  step   940  ep 15 phase B  action off/default  reward +0.131
  step   941  ep 15 phase B  action off/default  reward +0.226
  step   942  ep 15 phase B  action off/default  reward +0.209
  step   943  ep 15 phase B  action off/default  reward +0.210
  step   944  ep 15 phase B  action off/sparse  reward -0.078
  step   945  ep 15 phase B  action off/default  reward +0.133
  step   946  ep 15 phase B  action off/default  reward +0.205
  step   947  ep 15 phase B  action off/sparse  reward +0.108
  step   948  ep 15 phase B  action off/dense  reward +0.135
  step   949  ep 15 phase B  action off/default  reward +0.096
  step   950  ep 15 phase B  action off/sparse  reward +0.061
  step   951  ep 15 phase B  action off/default  reward +0.129
  step   952  ep 15 phase B  action off/default  reward +0.182
  step   953  ep 15 phase B  action off/default  reward +0.091
  step   954  ep 15 phase B  action off/default  reward +0.202
  step   955  ep 15 phase B  action off/default  reward +0.196
  step   956  ep 15 phase B  action off/sparse  reward +0.141
  step   957  ep 15 phase B  action off/default  reward +0.115
  step   958  ep 15 phase B  action off/default  reward +0.157
  step   959  ep 15 phase B  action off/default  reward +0.169
  step   960  ep 15 phase B  action off/sparse  reward +0.139
[episode 15] return +8.17  mean reward +0.136  (last 5 episodes: +0.128)  2057 s
  step   961  ep 16 phase A  action auto/dense  reward -0.044
  step   962  ep 16 phase A  action off/sparse  reward +0.143
  step   963  ep 16 phase A  action off/dense  reward +0.131
  step   964  ep 16 phase A  action off/default  reward +0.129
  step   965  ep 16 phase A  action hint/default  reward -0.107
  step   966  ep 16 phase A  action hint/default  reward -0.058
  step   967  ep 16 phase A  action off/default  reward +0.127
  step   968  ep 16 phase A  action off/default  reward +0.213
  step   969  ep 16 phase A  action off/default  reward +0.237
  step   970  ep 16 phase A  action off/sparse  reward +0.151
  step   971  ep 16 phase A  action off/dense  reward +0.140
  step   972  ep 16 phase A  action off/sparse  reward +0.134
  step   973  ep 16 phase A  action off/default  reward +0.142
  step   974  ep 16 phase A  action off/default  reward +0.173
  step   975  ep 16 phase A  action off/default  reward +0.177
  step   976  ep 16 phase A  action off/default  reward +0.158
  step   977  ep 16 phase A  action off/dense  reward +0.137
  step   978  ep 16 phase A  action off/default  reward +0.128
  step   979  ep 16 phase A  action off/sparse  reward +0.041
  step   980  ep 16 phase A  action off/default  reward -0.056
  step   981  ep 16 phase A  action off/dense  reward +0.105
  step   982  ep 16 phase A  action off/default  reward +0.093
  step   983  ep 16 phase A  action off/sparse  reward +0.088
  step   984  ep 16 phase A  action off/default  reward +0.087
  step   985  ep 16 phase A  action off/default  reward +0.120
  step   986  ep 16 phase A  action off/sparse  reward +0.084
  step   987  ep 16 phase A  action off/default  reward +0.084
  step   988  ep 16 phase A  action off/default  reward +0.131
  step   989  ep 16 phase A  action off/default  reward +0.144
  step   990  ep 16 phase A  action off/default  reward +0.132
  step   991  ep 16 phase B  action off/sparse  reward +0.172
  step   992  ep 16 phase B  action off/default  reward +0.215
  step   993  ep 16 phase B  action off/default  reward +0.270
  step   994  ep 16 phase B  action join/default  reward -0.019
  step   995  ep 16 phase B  action off/default  reward +0.160
  step   996  ep 16 phase B  action off/default  reward +0.274
  step   997  ep 16 phase B  action auto/sparse  reward +0.030
  step   998  ep 16 phase B  action off/default  reward +0.113
  step   999  ep 16 phase B  action off/sparse  reward +0.211
  step  1000  ep 16 phase B  action off/default  reward +0.215
  step  1001  ep 16 phase B  action off/default  reward +0.260
  step  1002  ep 16 phase B  action off/default  reward +0.097
  step  1003  ep 16 phase B  action off/default  reward +0.263
  step  1004  ep 16 phase B  action off/default  reward +0.225
  step  1005  ep 16 phase B  action off/dense  reward +0.230
  step  1006  ep 16 phase B  action off/sparse  reward +0.045
  step  1007  ep 16 phase B  action off/dense  reward +0.129
  step  1008  ep 16 phase B  action off/default  reward +0.143
  step  1009  ep 16 phase B  action off/default  reward +0.165
  step  1010  ep 16 phase B  action off/dense  reward +0.097
  step  1011  ep 16 phase B  action off/default  reward -0.022
  step  1012  ep 16 phase B  action off/default  reward +0.139
  step  1013  ep 16 phase B  action off/sparse  reward +0.175
  step  1014  ep 16 phase B  action off/default  reward +0.154
  step  1015  ep 16 phase B  action off/sparse  reward +0.122
  step  1016  ep 16 phase B  action off/default  reward -0.032
  step  1017  ep 16 phase B  action off/dense  reward +0.148
  step  1018  ep 16 phase B  action off/dense  reward +0.199
  step  1019  ep 16 phase B  action off/dense  reward +0.224
  step  1020  ep 16 phase B  action off/default  reward +0.044
[episode 16] return +7.61  mean reward +0.127  (last 5 episodes: +0.131)  2059 s
  step  1021  ep 17 phase A  action off/default  reward +0.131
  step  1022  ep 17 phase A  action off/default  reward +0.198
  step  1023  ep 17 phase A  action off/default  reward +0.211
  step  1024  ep 17 phase A  action off/default  reward +0.201
  step  1025  ep 17 phase A  action off/default  reward +0.206
  step  1026  ep 17 phase A  action off/default  reward +0.232
  step  1027  ep 17 phase A  action off/dense  reward +0.158
  step  1028  ep 17 phase A  action off/dense  reward +0.188
  step  1029  ep 17 phase A  action off/dense  reward +0.197
  step  1030  ep 17 phase A  action off/default  reward +0.149
  step  1031  ep 17 phase A  action off/dense  reward +0.132
  step  1032  ep 17 phase A  action off/default  reward +0.147
  step  1033  ep 17 phase A  action off/default  reward +0.177
  step  1034  ep 17 phase A  action off/default  reward +0.176
  step  1035  ep 17 phase A  action off/default  reward +0.176
  step  1036  ep 17 phase A  action off/dense  reward +0.126
  step  1037  ep 17 phase A  action off/default  reward +0.094
  step  1038  ep 17 phase A  action off/default  reward +0.139
  step  1039  ep 17 phase A  action off/sparse  reward +0.008
  step  1040  ep 17 phase A  action off/default  reward -0.013
  step  1041  ep 17 phase A  action off/default  reward +0.084
  step  1042  ep 17 phase A  action off/default  reward +0.118
  step  1043  ep 17 phase A  action off/default  reward +0.104
  step  1044  ep 17 phase A  action off/default  reward +0.138
  step  1045  ep 17 phase A  action off/sparse  reward +0.090
  step  1046  ep 17 phase A  action off/default  reward +0.062
  step  1047  ep 17 phase A  action auto/default  reward -0.119
  step  1048  ep 17 phase A  action off/default  reward +0.067
  step  1049  ep 17 phase A  action off/default  reward +0.107
  step  1050  ep 17 phase A  action join/sparse  reward -0.115
  step  1051  ep 17 phase B  action off/default  reward +0.261
  step  1052  ep 17 phase B  action off/default  reward +0.302
  step  1053  ep 17 phase B  action off/default  reward +0.279
  step  1054  ep 17 phase B  action off/default  reward +0.228
  step  1055  ep 17 phase B  action off/default  reward +0.276
  step  1056  ep 17 phase B  action off/default  reward +0.280
  step  1057  ep 17 phase B  action off/default  reward +0.247
  step  1058  ep 17 phase B  action off/default  reward +0.256
  step  1059  ep 17 phase B  action off/default  reward +0.250
  step  1060  ep 17 phase B  action off/dense  reward +0.141
  step  1061  ep 17 phase B  action off/default  reward +0.199
  step  1062  ep 17 phase B  action off/default  reward +0.229
  step  1063  ep 17 phase B  action off/default  reward +0.002
  step  1064  ep 17 phase B  action off/default  reward +0.222
  step  1065  ep 17 phase B  action off/default  reward +0.276
  step  1066  ep 17 phase B  action off/default  reward +0.270
  step  1067  ep 17 phase B  action off/default  reward +0.251
  step  1068  ep 17 phase B  action off/default  reward +0.225
  step  1069  ep 17 phase B  action off/dense  reward +0.089
  step  1070  ep 17 phase B  action off/default  reward +0.190
  step  1071  ep 17 phase B  action off/default  reward +0.257
  step  1072  ep 17 phase B  action off/default  reward +0.245
  step  1073  ep 17 phase B  action off/default  reward +0.193
  step  1074  ep 17 phase B  action off/dense  reward +0.100
  step  1075  ep 17 phase B  action off/default  reward -0.001
  step  1076  ep 17 phase B  action off/default  reward +0.234
  step  1077  ep 17 phase B  action off/default  reward +0.223
  step  1078  ep 17 phase B  action off/dense  reward +0.182
  step  1079  ep 17 phase B  action off/default  reward +0.165
  step  1080  ep 17 phase B  action off/default  reward +0.246
[episode 17] return +9.89  mean reward +0.165  (last 5 episodes: +0.137)  2059 s
  step  1081  ep 18 phase A  action off/default  reward +0.141
  step  1082  ep 18 phase A  action off/default  reward +0.200
  step  1083  ep 18 phase A  action off/default  reward +0.200
  step  1084  ep 18 phase A  action off/default  reward +0.234
  step  1085  ep 18 phase A  action off/default  reward +0.194
  step  1086  ep 18 phase A  action off/dense  reward +0.149
  step  1087  ep 18 phase A  action off/sparse  reward +0.138
  step  1088  ep 18 phase A  action off/default  reward +0.145
  step  1089  ep 18 phase A  action off/default  reward +0.188
  step  1090  ep 18 phase A  action off/dense  reward +0.139
  step  1091  ep 18 phase A  action join/sparse  reward -0.038
  step  1092  ep 18 phase A  action off/default  reward +0.130
  step  1093  ep 18 phase A  action off/default  reward +0.210
  step  1094  ep 18 phase A  action off/default  reward +0.201
  step  1095  ep 18 phase A  action off/sparse  reward +0.147
  step  1096  ep 18 phase A  action off/default  reward +0.124
  step  1097  ep 18 phase A  action off/default  reward +0.164
  step  1098  ep 18 phase A  action off/default  reward +0.189
  step  1099  ep 18 phase A  action off/default  reward +0.174
  step  1100  ep 18 phase A  action off/default  reward +0.077
  step  1101  ep 18 phase A  action off/dense  reward +0.106
  step  1102  ep 18 phase A  action off/default  reward +0.127
  step  1103  ep 18 phase A  action off/default  reward +0.162
  step  1104  ep 18 phase A  action off/default  reward +0.154
  step  1105  ep 18 phase A  action off/default  reward +0.146
  step  1106  ep 18 phase A  action off/default  reward +0.164
  step  1107  ep 18 phase A  action off/default  reward +0.185
  step  1108  ep 18 phase A  action off/default  reward +0.172
  step  1109  ep 18 phase A  action off/default  reward +0.169
  step  1110  ep 18 phase A  action off/sparse  reward +0.108
  step  1111  ep 18 phase B  action off/default  reward +0.206
  step  1112  ep 18 phase B  action off/sparse  reward +0.205
  step  1113  ep 18 phase B  action off/dense  reward +0.234
  step  1114  ep 18 phase B  action hint/dense  reward -0.122
  step  1115  ep 18 phase B  action off/default  reward +0.207
  step  1116  ep 18 phase B  action off/default  reward +0.015
  step  1117  ep 18 phase B  action off/default  reward +0.310
  step  1118  ep 18 phase B  action off/default  reward +0.244
  step  1119  ep 18 phase B  action off/default  reward +0.166
  step  1120  ep 18 phase B  action off/default  reward +0.255
  step  1121  ep 18 phase B  action off/default  reward +0.247
  step  1122  ep 18 phase B  action off/default  reward +0.231
  step  1123  ep 18 phase B  action off/default  reward +0.140
  step  1124  ep 18 phase B  action off/default  reward +0.217
  step  1125  ep 18 phase B  action off/sparse  reward +0.158
  step  1126  ep 18 phase B  action off/default  reward +0.177
  step  1127  ep 18 phase B  action off/default  reward +0.210
  step  1128  ep 18 phase B  action off/sparse  reward -0.143
  step  1129  ep 18 phase B  action off/default  reward +0.106
  step  1130  ep 18 phase B  action off/default  reward +0.160
  step  1131  ep 18 phase B  action off/default  reward +0.213
  step  1132  ep 18 phase B  action off/default  reward +0.212
  step  1133  ep 18 phase B  action off/default  reward +0.201
  step  1134  ep 18 phase B  action off/dense  reward +0.128
  step  1135  ep 18 phase B  action off/default  reward +0.136
  step  1136  ep 18 phase B  action off/default  reward +0.209
  step  1137  ep 18 phase B  action off/default  reward +0.202
  step  1138  ep 18 phase B  action off/default  reward +0.043
  step  1139  ep 18 phase B  action off/default  reward +0.199
  step  1140  ep 18 phase B  action off/default  reward +0.193
[episode 18] return +9.56  mean reward +0.159  (last 5 episodes: +0.142)  2055 s
  step  1141  ep 19 phase A  action off/default  reward +0.134
  step  1142  ep 19 phase A  action off/default  reward +0.192
  step  1143  ep 19 phase A  action off/default  reward +0.174
  step  1144  ep 19 phase A  action off/default  reward +0.172
  step  1145  ep 19 phase A  action off/default  reward +0.183
  step  1146  ep 19 phase A  action off/default  reward +0.198
  step  1147  ep 19 phase A  action off/dense  reward +0.158
  step  1148  ep 19 phase A  action off/dense  reward +0.198
  step  1149  ep 19 phase A  action off/default  reward +0.135
  step  1150  ep 19 phase A  action off/default  reward +0.177
  step  1151  ep 19 phase A  action off/default  reward +0.207
  step  1152  ep 19 phase A  action off/default  reward +0.165
  step  1153  ep 19 phase A  action off/default  reward +0.164
  step  1154  ep 19 phase A  action off/default  reward +0.147
  step  1155  ep 19 phase A  action off/default  reward +0.186
  step  1156  ep 19 phase A  action off/default  reward +0.197
  step  1157  ep 19 phase A  action off/default  reward +0.182
  step  1158  ep 19 phase A  action off/default  reward +0.146
  step  1159  ep 19 phase A  action auto/dense  reward -0.065
  step  1160  ep 19 phase A  action off/dense  reward +0.073
  step  1161  ep 19 phase A  action off/default  reward +0.112
  step  1162  ep 19 phase A  action off/dense  reward +0.092
  step  1163  ep 19 phase A  action off/default  reward +0.171
  step  1164  ep 19 phase A  action off/default  reward +0.209
  step  1165  ep 19 phase A  action off/default  reward +0.194
  step  1166  ep 19 phase A  action off/dense  reward +0.127
  step  1167  ep 19 phase A  action off/default  reward +0.131
  step  1168  ep 19 phase A  action off/default  reward +0.178
  step  1169  ep 19 phase A  action off/default  reward +0.177
  step  1170  ep 19 phase A  action off/default  reward +0.150
  step  1171  ep 19 phase B  action off/default  reward +0.274
  step  1172  ep 19 phase B  action off/default  reward +0.224
  step  1173  ep 19 phase B  action off/sparse  reward +0.204
  step  1174  ep 19 phase B  action off/default  reward +0.126
  step  1175  ep 19 phase B  action off/default  reward +0.283
  step  1176  ep 19 phase B  action off/default  reward +0.191
  step  1177  ep 19 phase B  action off/default  reward +0.278
  step  1178  ep 19 phase B  action off/default  reward +0.253
  step  1179  ep 19 phase B  action off/default  reward +0.140
  step  1180  ep 19 phase B  action off/default  reward +0.221
  step  1181  ep 19 phase B  action off/default  reward +0.285
  step  1182  ep 19 phase B  action off/default  reward +0.251
  step  1183  ep 19 phase B  action off/default  reward +0.102
  step  1184  ep 19 phase B  action off/default  reward +0.206
  step  1185  ep 19 phase B  action off/default  reward +0.269
  step  1186  ep 19 phase B  action off/default  reward +0.275
  step  1187  ep 19 phase B  action off/sparse  reward +0.166
  step  1188  ep 19 phase B  action off/default  reward +0.139
  step  1189  ep 19 phase B  action off/default  reward +0.046
  step  1190  ep 19 phase B  action off/default  reward +0.175
  step  1191  ep 19 phase B  action off/default  reward +0.237
  step  1192  ep 19 phase B  action off/default  reward +0.257
  step  1193  ep 19 phase B  action off/default  reward +0.248
  step  1194  ep 19 phase B  action off/default  reward +0.253
  step  1195  ep 19 phase B  action off/default  reward +0.227
  step  1196  ep 19 phase B  action off/default  reward -0.157
  step  1197  ep 19 phase B  action off/default  reward +0.205
  step  1198  ep 19 phase B  action off/default  reward +0.231
  step  1199  ep 19 phase B  action off/dense  reward +0.189
  step  1200  ep 19 phase B  action off/dense  reward +0.239
[episode 19] return +10.70  mean reward +0.178  (last 5 episodes: +0.153)  2056 s

model saved to runs/imdb/train/model.zip; 20 episodes, 11.42 h

===== [2026-10-04 00:31:13] evaluation: arms none, nqo, selix(default), both(default), ga; seeds 2001,2002,2003 x 2 =====
30 episodes: none@2001, nqo@2001, selix@2001, both@2001, ga@2001, nqo@2002, selix@2002, both@2002, ga@2002, none@2002, selix@2003, both@2003, ga@2003, none@2003, nqo@2003, both@2001, ga@2001, none@2001, nqo@2001, selix@2001, ga@2002, none@2002, nqo@2002, selix@2002, both@2002, none@2003, nqo@2003, selix@2003, both@2003, ga@2003
  arm none: fixed:off/default
  arm nqo: fixed:auto/default
  arm selix: fixed:off/default
  arm both: fixed:auto/default
  arm ga: ppo:runs/imdb/train/model.zip

[1/30] arm none, seed 2001, repeat 0: index of 1000000 keys built in 1.04 s
  step   0 A   off/default r +0.133  job 390  ycsb   2000/s  c_idx    822 ns  mem   24.7 MB  cpu 1.08
  step   1 A   off/default r +0.185  job 396  ycsb   2000/s  c_idx    831 ns  mem   24.7 MB  cpu 1.09
  step   2 A   off/default r +0.206  job 420  ycsb   2000/s  c_idx    843 ns  mem   24.7 MB  cpu 1.06
  step   3 A   off/default r +0.185  job 389  ycsb   2000/s  c_idx    837 ns  mem   24.7 MB  cpu 1.06
  step   4 A   off/default r +0.188  job 393  ycsb   2000/s  c_idx    840 ns  mem   24.7 MB  cpu 1.07
  step   5 A   off/default r +0.189  job 394  ycsb   2000/s  c_idx    836 ns  mem   24.7 MB  cpu 1.09
  step   6 A   off/default r +0.195  job 404  ycsb   2000/s  c_idx    845 ns  mem   24.7 MB  cpu 1.07
  step   7 A   off/default r +0.198  job 392  ycsb   2000/s  c_idx    839 ns  mem   24.7 MB  cpu 1.08
  step   8 A   off/default r +0.190  job 395  ycsb   2000/s  c_idx    833 ns  mem   24.8 MB  cpu 1.08
  step   9 A   off/default r +0.182  job 390  ycsb   2000/s  c_idx    835 ns  mem   24.8 MB  cpu 1.06
  step  10 A   off/default r +0.201  job 403  ycsb   2000/s  c_idx    843 ns  mem   24.8 MB  cpu 1.08
  step  11 A   off/default r +0.194  job 390  ycsb   2000/s  c_idx    843 ns  mem   24.8 MB  cpu 1.06
  step  12 A   off/default r +0.185  job 389  ycsb   2000/s  c_idx    842 ns  mem   24.8 MB  cpu 1.08
  step  13 A   off/default r +0.179  job 397  ycsb   2000/s  c_idx    853 ns  mem   24.9 MB  cpu 1.08
  step  14 A   off/default r +0.190  job 402  ycsb   2000/s  c_idx    857 ns  mem   24.9 MB  cpu 1.06
  step  15 A   off/default r +0.196  job 390  ycsb   2000/s  c_idx    832 ns  mem   25.0 MB  cpu 1.06
  step  16 A   off/default r +0.185  job 407  ycsb   2000/s  c_idx    856 ns  mem   25.1 MB  cpu 1.09
  step  17 A   off/default r +0.183  job 407  ycsb   2000/s  c_idx    830 ns  mem   27.4 MB  cpu 1.08
  step  18 A   off/default r +0.126  job 408  ycsb   2000/s  c_idx    925 ns  mem   28.6 MB  cpu 1.06
  step  19 A   off/default r +0.123  job 396  ycsb   2000/s  c_idx    918 ns  mem   32.0 MB  cpu 1.06
  step  20 A   off/default r +0.180  job 402  ycsb   2000/s  c_idx    832 ns  mem   33.3 MB  cpu 1.06
  step  21 A   off/default r +0.163  job 405  ycsb   2000/s  c_idx    863 ns  mem   33.4 MB  cpu 1.05
  step  22 A   off/default r +0.142  job 397  ycsb   2000/s  c_idx    891 ns  mem   33.5 MB  cpu 1.08
  step  23 A   off/default r +0.154  job 394  ycsb   2000/s  c_idx    889 ns  mem   33.6 MB  cpu 1.07
  step  24 A   off/default r +0.103  job 397  ycsb   2000/s  c_idx    963 ns  mem   33.7 MB  cpu 1.09
  step  25 A   off/default r +0.127  job 396  ycsb   2000/s  c_idx    920 ns  mem   33.7 MB  cpu 1.09
  step  26 A   off/default r +0.131  job 396  ycsb   2000/s  c_idx    915 ns  mem   33.8 MB  cpu 1.06
  step  27 A   off/default r +0.132  job 386  ycsb   2000/s  c_idx    910 ns  mem   33.8 MB  cpu 1.05
  step  28 A   off/default r +0.140  job 396  ycsb   2000/s  c_idx    915 ns  mem   33.9 MB  cpu 1.07
  step  29 A   off/default r +0.130  job 414  ycsb   2000/s  c_idx    924 ns  mem   33.9 MB  cpu 1.06
  step  30 B   off/default r +0.251  job 232  ycsb  17123/s  c_idx    569 ns  mem   43.3 MB  cpu 0.81
  step  31 B   off/default r +0.330  job 237  ycsb  17289/s  c_idx    501 ns  mem   44.5 MB  cpu 0.79
  step  32 B   off/default r +0.250  job 234  ycsb  17189/s  c_idx    572 ns  mem   56.8 MB  cpu 0.79
  step  33 B   off/default r +0.168  job 232  ycsb  16967/s  c_idx    621 ns  mem   69.6 MB  cpu 0.79
  step  34 B   off/default r +0.299  job 236  ycsb  17168/s  c_idx    527 ns  mem   74.1 MB  cpu 0.79
  step  35 B   off/default r +0.274  job 226  ycsb  17182/s  c_idx    541 ns  mem   75.6 MB  cpu 0.79
  step  36 B   off/default r +0.211  job 231  ycsb  17134/s  c_idx    629 ns  mem   96.5 MB  cpu 0.79
  step  37 B   off/default r +0.286  job 227  ycsb  17196/s  c_idx    529 ns  mem   97.5 MB  cpu 0.79
  step  38 B   off/default r +0.261  job 224  ycsb  17156/s  c_idx    559 ns  mem   99.0 MB  cpu 0.79
  step  39 B   off/default r +0.153  job 235  ycsb  17094/s  c_idx    657 ns  mem  126.1 MB  cpu 0.79
  step  40 B   off/default r +0.282  job 227  ycsb  17132/s  c_idx    543 ns  mem  127.8 MB  cpu 0.79
  step  41 B   off/default r +0.273  job 227  ycsb  17101/s  c_idx    557 ns  mem  128.7 MB  cpu 0.79
  step  42 B   off/default r +0.271  job 236  ycsb  17122/s  c_idx    574 ns  mem  130.4 MB  cpu 0.79
  step  43 B   off/default r -0.090  job 226  ycsb  16919/s  c_idx   1008 ns  mem  162.2 MB  cpu 0.79
  step  44 B   off/default r +0.257  job 238  ycsb  17202/s  c_idx    576 ns  mem  167.7 MB  cpu 0.79
  step  45 B   off/default r +0.286  job 235  ycsb  17189/s  c_idx    553 ns  mem  168.9 MB  cpu 0.79
  step  46 B   off/default r +0.277  job 234  ycsb  17152/s  c_idx    558 ns  mem  169.9 MB  cpu 0.79
  step  47 B   off/default r +0.264  job 234  ycsb  17158/s  c_idx    576 ns  mem  171.3 MB  cpu 0.79
  step  48 B   off/default r +0.214  job 238  ycsb  17186/s  c_idx    633 ns  mem  176.8 MB  cpu 0.79
  step  49 B   off/default r -0.047  job 222  ycsb  16991/s  c_idx    911 ns  mem  223.6 MB  cpu 0.79
  step  50 B   off/default r +0.250  job 230  ycsb  17197/s  c_idx    566 ns  mem  225.9 MB  cpu 0.79
  step  51 B   off/default r +0.254  job 229  ycsb  17062/s  c_idx    571 ns  mem  227.3 MB  cpu 0.79
  step  52 B   off/default r +0.244  job 223  ycsb  17160/s  c_idx    573 ns  mem  228.2 MB  cpu 0.79
  step  53 B   off/default r +0.233  job 229  ycsb  16850/s  c_idx    601 ns  mem  229.2 MB  cpu 0.79
  step  54 B   off/default r +0.234  job 231  ycsb  17116/s  c_idx    589 ns  mem  230.6 MB  cpu 0.79
  step  55 B   off/default r +0.238  job 232  ycsb  17156/s  c_idx    601 ns  mem  233.3 MB  cpu 0.79
  step  56 B   off/default r +0.075  job 236  ycsb  17094/s  c_idx    782 ns  mem  266.4 MB  cpu 0.79
  step  57 B   off/default r +0.118  job 229  ycsb  17146/s  c_idx    664 ns  mem  295.9 MB  cpu 0.79
  step  58 B   off/default r +0.237  job 236  ycsb  17195/s  c_idx    577 ns  mem  298.1 MB  cpu 0.79
  step  59 B   off/default r +0.257  job 232  ycsb  17116/s  c_idx    572 ns  mem  299.5 MB  cpu 0.79
  -> return +11.63, mean reward +0.194, 1 switches, actions {'off/default': 60}

[2/30] arm nqo, seed 2001, repeat 0: index of 1000000 keys built in 1.04 s
  step   0 A  auto/default r -0.002  job 255  ycsb   2002/s  c_idx    776 ns  mem   24.7 MB  cpu 1.05
  step   1 A  auto/default r +0.026  job 269  ycsb   2000/s  c_idx    770 ns  mem   24.7 MB  cpu 1.06
  step   2 A  auto/default r -0.006  job 261  ycsb   1999/s  c_idx    790 ns  mem   24.7 MB  cpu 1.06
  step   3 A  auto/default r +0.027  job 266  ycsb   2000/s  c_idx    775 ns  mem   24.7 MB  cpu 1.05
  step   4 A  auto/default r +0.013  job 260  ycsb   2000/s  c_idx    783 ns  mem   24.7 MB  cpu 1.07
  step   5 A  auto/default r +0.031  job 259  ycsb   1999/s  c_idx    777 ns  mem   24.7 MB  cpu 1.06
  step   6 A  auto/default r +0.014  job 264  ycsb   2000/s  c_idx    789 ns  mem   24.7 MB  cpu 1.05
  step   7 A  auto/default r +0.008  job 250  ycsb   2000/s  c_idx    785 ns  mem   24.7 MB  cpu 1.06
  step   8 A  auto/default r +0.007  job 267  ycsb   2000/s  c_idx    784 ns  mem   24.8 MB  cpu 1.04
  step   9 A  auto/default r +0.010  job 245  ycsb   2000/s  c_idx    777 ns  mem   24.8 MB  cpu 1.04
  step  10 A  auto/default r +0.001  job 269  ycsb   2000/s  c_idx    796 ns  mem   24.8 MB  cpu 1.05
  step  11 A  auto/default r -0.013  job 247  ycsb   2000/s  c_idx    815 ns  mem   24.8 MB  cpu 1.06
  step  12 A  auto/default r -0.006  job 266  ycsb   2000/s  c_idx    810 ns  mem   24.8 MB  cpu 1.05
  step  13 A  auto/default r -0.000  job 250  ycsb   2000/s  c_idx    797 ns  mem   24.8 MB  cpu 1.05
  step  14 A  auto/default r +0.002  job 257  ycsb   2000/s  c_idx    799 ns  mem   24.9 MB  cpu 1.05
  step  15 A  auto/default r +0.002  job 251  ycsb   2000/s  c_idx    794 ns  mem   24.9 MB  cpu 1.06
  step  16 A  auto/default r +0.007  job 266  ycsb   2000/s  c_idx    800 ns  mem   25.0 MB  cpu 1.06
  step  17 A  auto/default r -0.010  job 248  ycsb   2000/s  c_idx    801 ns  mem   25.2 MB  cpu 1.04
  step  18 A  auto/default r -0.009  job 252  ycsb   2000/s  c_idx    815 ns  mem   25.6 MB  cpu 1.04
  step  19 A  auto/default r -0.086  job 261  ycsb   1999/s  c_idx    929 ns  mem   28.6 MB  cpu 1.06
  step  20 A  auto/default r -0.063  job 250  ycsb   2000/s  c_idx    897 ns  mem   31.1 MB  cpu 1.06
  step  21 A  auto/default r -0.044  job 262  ycsb   2000/s  c_idx    861 ns  mem   31.4 MB  cpu 1.05
  step  22 A  auto/default r -0.022  job 254  ycsb   2000/s  c_idx    840 ns  mem   31.5 MB  cpu 1.06
  step  23 A  auto/default r -0.053  job 263  ycsb   2000/s  c_idx    857 ns  mem   33.6 MB  cpu 1.07
  step  24 A  auto/default r -0.049  job 258  ycsb   2000/s  c_idx    860 ns  mem   33.7 MB  cpu 1.06
  step  25 A  auto/default r -0.050  job 265  ycsb   2000/s  c_idx    865 ns  mem   33.7 MB  cpu 1.04
  step  26 A  auto/default r -0.051  job 260  ycsb   2000/s  c_idx    867 ns  mem   33.8 MB  cpu 1.06
  step  27 A  auto/default r -0.050  job 267  ycsb   2000/s  c_idx    864 ns  mem   33.8 MB  cpu 1.06
  step  28 A  auto/default r -0.032  job 261  ycsb   2000/s  c_idx    847 ns  mem   33.8 MB  cpu 1.05
  step  29 A  auto/default r -0.060  job 266  ycsb   2000/s  c_idx    881 ns  mem   33.8 MB  cpu 1.05
  step  30 B  auto/default r +0.057  job 149  ycsb  15957/s  c_idx    543 ns  mem   43.0 MB  cpu 0.79
  step  31 B  auto/default r +0.091  job 149  ycsb  16031/s  c_idx    513 ns  mem   44.2 MB  cpu 0.77
  step  32 B  auto/default r +0.016  job 149  ycsb  15984/s  c_idx    596 ns  mem   56.6 MB  cpu 0.77
  step  33 B  auto/default r +0.062  job 148  ycsb  15899/s  c_idx    537 ns  mem   57.9 MB  cpu 0.77
  step  34 B  auto/default r -0.013  job 149  ycsb  16053/s  c_idx    631 ns  mem   73.8 MB  cpu 0.77
  step  35 B  auto/default r +0.059  job 149  ycsb  15986/s  c_idx    546 ns  mem   74.8 MB  cpu 0.77
  step  36 B  auto/default r -0.075  job 147  ycsb  15966/s  c_idx    704 ns  mem   94.8 MB  cpu 0.77
  step  37 B  auto/default r +0.056  job 149  ycsb  15959/s  c_idx    547 ns  mem   97.0 MB  cpu 0.77
  step  38 B  auto/default r +0.064  job 149  ycsb  16013/s  c_idx    555 ns  mem   97.9 MB  cpu 0.77
  step  39 B  auto/default r -0.007  job 146  ycsb  15847/s  c_idx    626 ns  mem  101.8 MB  cpu 0.77
  step  40 B  auto/default r -0.025  job 150  ycsb  15970/s  c_idx    664 ns  mem  126.7 MB  cpu 0.77
  step  41 B  auto/default r +0.046  job 148  ycsb  15892/s  c_idx    565 ns  mem  127.9 MB  cpu 0.77
  step  42 B  auto/default r +0.034  job 146  ycsb  15952/s  c_idx    575 ns  mem  128.8 MB  cpu 0.77
  step  43 B  auto/default r +0.026  job 149  ycsb  15991/s  c_idx    594 ns  mem  130.6 MB  cpu 0.77
  step  44 B  auto/default r -0.046  job 148  ycsb  15831/s  c_idx    673 ns  mem  162.3 MB  cpu 0.77
  step  45 B  auto/default r +0.046  job 149  ycsb  16091/s  c_idx    570 ns  mem  167.6 MB  cpu 0.78
  step  46 B  auto/default r +0.046  job 147  ycsb  16014/s  c_idx    568 ns  mem  168.9 MB  cpu 0.78
  step  47 B  auto/default r +0.043  job 150  ycsb  15921/s  c_idx    577 ns  mem  169.8 MB  cpu 0.77
  step  48 B  auto/default r +0.033  job 149  ycsb  15942/s  c_idx    587 ns  mem  170.9 MB  cpu 0.77
  step  49 B  auto/default r -0.011  job 148  ycsb  15721/s  c_idx    638 ns  mem  173.2 MB  cpu 0.77
  step  50 B  auto/default r -0.317  job 149  ycsb  15849/s  c_idx   1163 ns  mem  214.1 MB  cpu 0.77
  step  51 B  auto/default r +0.026  job 149  ycsb  15952/s  c_idx    589 ns  mem  225.0 MB  cpu 0.77
  step  52 B  auto/default r +0.015  job 147  ycsb  16042/s  c_idx    589 ns  mem  226.7 MB  cpu 0.77
  step  53 B  auto/default r +0.029  job 148  ycsb  15985/s  c_idx    584 ns  mem  227.8 MB  cpu 0.77
  step  54 B  auto/default r +0.031  job 148  ycsb  16126/s  c_idx    585 ns  mem  228.7 MB  cpu 0.78
  step  55 B  auto/default r +0.024  job 148  ycsb  16061/s  c_idx    593 ns  mem  229.6 MB  cpu 0.77
  step  56 B  auto/default r +0.013  job 149  ycsb  15975/s  c_idx    602 ns  mem  231.1 MB  cpu 0.77
  step  57 B  auto/default r -0.003  job 149  ycsb  16041/s  c_idx    624 ns  mem  235.1 MB  cpu 0.77
  step  58 B  auto/default r -0.160  job 147  ycsb  15947/s  c_idx    833 ns  mem  275.5 MB  cpu 0.78
  step  59 B  auto/default r -0.068  job 148  ycsb  15667/s  c_idx    706 ns  mem  296.0 MB  cpu 0.77
  -> return -0.37, mean reward -0.006, 0 switches, actions {'auto/default': 60}

[3/30] arm selix, seed 2001, repeat 0: index of 1000000 keys built in 1.05 s
  step   0 A   off/default r +0.169  job 391  ycsb   2000/s  c_idx    771 ns  mem   24.7 MB  cpu 1.08
  step   1 A   off/default r +0.171  job 399  ycsb   2000/s  c_idx    857 ns  mem   24.7 MB  cpu 1.07
  step   2 A   off/default r +0.194  job 419  ycsb   2000/s  c_idx    857 ns  mem   24.7 MB  cpu 1.08
  step   3 A   off/default r +0.196  job 410  ycsb   2000/s  c_idx    853 ns  mem   24.7 MB  cpu 1.06
  step   4 A   off/default r +0.169  job 384  ycsb   2000/s  c_idx    857 ns  mem   24.7 MB  cpu 1.09
  step   5 A   off/default r +0.173  job 381  ycsb   2000/s  c_idx    847 ns  mem   24.7 MB  cpu 1.08
  step   6 A   off/default r +0.219  job 418  ycsb   2000/s  c_idx    823 ns  mem   24.7 MB  cpu 1.08
  step   7 A   off/default r +0.192  job 416  ycsb   2000/s  c_idx    846 ns  mem   26.7 MB  cpu 1.06
  step   8 A   off/default r +0.142  job 383  ycsb   2000/s  c_idx    877 ns  mem   26.7 MB  cpu 1.09
  step   9 A   off/default r +0.137  job 378  ycsb   2000/s  c_idx    863 ns  mem   26.7 MB  cpu 1.09
  step  10 A   off/default r +0.169  job 407  ycsb   2000/s  c_idx    865 ns  mem   26.8 MB  cpu 1.08
  step  11 A   off/default r +0.174  job 424  ycsb   2000/s  c_idx    885 ns  mem   26.8 MB  cpu 1.09
  step  12 A   off/default r +0.154  job 380  ycsb   2000/s  c_idx    877 ns  mem   26.8 MB  cpu 1.07
  step  13 A   off/default r +0.135  job 387  ycsb   2000/s  c_idx    871 ns  mem   26.8 MB  cpu 1.08
  step  14 A   off/default r +0.148  job 399  ycsb   2000/s  c_idx    881 ns  mem   26.9 MB  cpu 1.07
  step  15 A   off/default r +0.178  job 431  ycsb   2000/s  c_idx    883 ns  mem   27.0 MB  cpu 1.06
  step  16 A   off/default r +0.137  job 391  ycsb   2000/s  c_idx    912 ns  mem   27.1 MB  cpu 1.10
  step  17 A   off/default r +0.141  job 393  ycsb   2000/s  c_idx    874 ns  mem   27.4 MB  cpu 1.08
  step  18 A   off/default r +0.117  job 389  ycsb   2000/s  c_idx    900 ns  mem   28.9 MB  cpu 1.09
  step  19 A   off/default r +0.054  job 420  ycsb   2000/s  c_idx   1059 ns  mem   32.5 MB  cpu 1.07
  step  20 A   off/default r +0.136  job 408  ycsb   2000/s  c_idx    935 ns  mem   33.3 MB  cpu 1.08
  step  21 A   off/default r +0.141  job 384  ycsb   2000/s  c_idx    890 ns  mem   33.5 MB  cpu 1.08
  step  22 A   off/default r +0.124  job 388  ycsb   2000/s  c_idx    913 ns  mem   33.6 MB  cpu 1.06
  step  23 A   off/default r +0.144  job 409  ycsb   2000/s  c_idx    912 ns  mem   33.7 MB  cpu 1.08
  step  24 A   off/default r +0.146  job 413  ycsb   2000/s  c_idx    931 ns  mem   33.7 MB  cpu 1.09
  step  25 A   off/default r +0.100  job 390  ycsb   2000/s  c_idx    973 ns  mem   33.8 MB  cpu 1.10
  step  26 A   off/default r +0.116  job 381  ycsb   2000/s  c_idx    928 ns  mem   33.8 MB  cpu 1.08
  step  27 A   off/default r +0.120  job 401  ycsb   2000/s  c_idx    936 ns  mem   33.8 MB  cpu 1.07
  step  28 A   off/default r +0.135  job 397  ycsb   2000/s  c_idx    931 ns  mem   33.9 MB  cpu 1.08
  step  29 A   off/default r +0.132  job 405  ycsb   2000/s  c_idx    938 ns  mem   33.9 MB  cpu 1.09
  step  30 B   off/default r +0.261  job 229  ycsb  17119/s  c_idx    550 ns  mem   43.3 MB  cpu 0.80
  step  31 B   off/default r +0.330  job 238  ycsb  17153/s  c_idx    499 ns  mem   44.5 MB  cpu 0.79
  step  32 B   off/default r +0.301  job 237  ycsb  17191/s  c_idx    529 ns  mem   56.8 MB  cpu 0.79
  step  33 B   off/default r +0.157  job 228  ycsb  17118/s  c_idx    633 ns  mem   69.4 MB  cpu 0.79
  step  34 B   off/default r +0.297  job 231  ycsb  17066/s  c_idx    533 ns  mem   74.1 MB  cpu 0.79
  step  35 B   off/default r +0.260  job 225  ycsb  17092/s  c_idx    553 ns  mem   75.5 MB  cpu 0.79
  step  36 B   off/default r +0.180  job 225  ycsb  17176/s  c_idx    646 ns  mem   96.4 MB  cpu 0.79
  step  37 B   off/default r +0.287  job 231  ycsb  17117/s  c_idx    540 ns  mem   97.5 MB  cpu 0.79
  step  38 B   off/default r +0.262  job 231  ycsb  17141/s  c_idx    561 ns  mem   99.0 MB  cpu 0.79
  step  39 B   off/default r +0.191  job 231  ycsb  17120/s  c_idx    605 ns  mem  126.1 MB  cpu 0.79
  step  40 B   off/default r +0.288  job 236  ycsb  17133/s  c_idx    552 ns  mem  127.8 MB  cpu 0.79
  step  41 B   off/default r +0.269  job 228  ycsb  17175/s  c_idx    553 ns  mem  128.7 MB  cpu 0.79
  step  42 B   off/default r +0.264  job 236  ycsb  17175/s  c_idx    578 ns  mem  130.4 MB  cpu 0.79
  step  43 B   off/default r +0.094  job 234  ycsb  17096/s  c_idx    730 ns  mem  162.3 MB  cpu 0.79
  step  44 B   off/default r +0.250  job 229  ycsb  16826/s  c_idx    573 ns  mem  167.8 MB  cpu 0.79
  step  45 B   off/default r +0.274  job 233  ycsb  17067/s  c_idx    562 ns  mem  169.0 MB  cpu 0.79
  step  46 B   off/default r +0.270  job 237  ycsb  17151/s  c_idx    567 ns  mem  170.0 MB  cpu 0.79
  step  47 B   off/default r +0.250  job 226  ycsb  17119/s  c_idx    577 ns  mem  171.5 MB  cpu 0.79
  step  48 B   off/default r +0.221  job 231  ycsb  17141/s  c_idx    621 ns  mem  176.7 MB  cpu 0.79
  step  49 B   off/default r -0.128  job 228  ycsb  16982/s  c_idx   1093 ns  mem  222.9 MB  cpu 0.79
  step  50 B   off/default r +0.233  job 224  ycsb  17085/s  c_idx    571 ns  mem  226.0 MB  cpu 0.79
  step  51 B   off/default r +0.269  job 234  ycsb  17119/s  c_idx    567 ns  mem  227.4 MB  cpu 0.79
  step  52 B   off/default r +0.247  job 230  ycsb  17110/s  c_idx    571 ns  mem  228.4 MB  cpu 0.79
  step  53 B   off/default r +0.255  job 229  ycsb  17138/s  c_idx    578 ns  mem  229.3 MB  cpu 0.79
  step  54 B   off/default r +0.228  job 235  ycsb  16860/s  c_idx    617 ns  mem  230.7 MB  cpu 0.79
  step  55 B   off/default r +0.218  job 229  ycsb  17148/s  c_idx    613 ns  mem  233.2 MB  cpu 0.79
  step  56 B   off/default r +0.035  job 233  ycsb  16988/s  c_idx    845 ns  mem  261.3 MB  cpu 0.79
  step  57 B   off/default r +0.147  job 236  ycsb  17077/s  c_idx    652 ns  mem  295.9 MB  cpu 0.79
  step  58 B   off/default r +0.229  job 233  ycsb  17114/s  c_idx    572 ns  mem  298.3 MB  cpu 0.79
  step  59 B   off/default r +0.260  job 234  ycsb  17176/s  c_idx    571 ns  mem  299.7 MB  cpu 0.79
  -> return +11.16, mean reward +0.186, 1 switches, actions {'off/default': 60}

[4/30] arm both, seed 2001, repeat 0: index of 1000000 keys built in 1.04 s
  step   0 A  auto/default r -0.014  job 257  ycsb   2000/s  c_idx    790 ns  mem   24.7 MB  cpu 1.06
  step   1 A  auto/default r +0.001  job 266  ycsb   2000/s  c_idx    799 ns  mem   24.7 MB  cpu 1.06
  step   2 A  auto/default r +0.005  job 266  ycsb   2000/s  c_idx    792 ns  mem   24.7 MB  cpu 1.06
  step   3 A  auto/default r -0.016  job 254  ycsb   1999/s  c_idx    812 ns  mem   24.7 MB  cpu 1.06
  step   4 A  auto/default r +0.006  job 263  ycsb   2000/s  c_idx    797 ns  mem   24.7 MB  cpu 1.04
  step   5 A  auto/default r +0.003  job 255  ycsb   2000/s  c_idx    807 ns  mem   24.7 MB  cpu 1.05
  step   6 A  auto/default r -0.002  job 259  ycsb   2000/s  c_idx    798 ns  mem   24.7 MB  cpu 1.05
  step   7 A  auto/default r +0.002  job 260  ycsb   2000/s  c_idx    804 ns  mem   24.7 MB  cpu 1.05
  step   8 A  auto/default r +0.001  job 266  ycsb   2000/s  c_idx    808 ns  mem   24.7 MB  cpu 1.05
  step   9 A  auto/default r +0.011  job 256  ycsb   2000/s  c_idx    806 ns  mem   24.7 MB  cpu 1.06
  step  10 A  auto/default r +0.010  job 262  ycsb   2000/s  c_idx    802 ns  mem   24.8 MB  cpu 1.06
  step  11 A  auto/default r -0.018  job 255  ycsb   2000/s  c_idx    820 ns  mem   24.8 MB  cpu 1.03
  step  12 A  auto/default r -0.024  job 260  ycsb   2000/s  c_idx    836 ns  mem   24.8 MB  cpu 1.05
  step  13 A  auto/default r -0.015  job 258  ycsb   2000/s  c_idx    825 ns  mem   24.8 MB  cpu 1.05
  step  14 A  auto/default r -0.005  job 267  ycsb   2000/s  c_idx    827 ns  mem   24.9 MB  cpu 1.05
  step  15 A  auto/default r -0.003  job 260  ycsb   2000/s  c_idx    826 ns  mem   24.9 MB  cpu 1.07
  step  16 A  auto/default r -0.015  job 261  ycsb   2000/s  c_idx    822 ns  mem   25.0 MB  cpu 1.04
  step  17 A  auto/default r -0.026  job 256  ycsb   2000/s  c_idx    831 ns  mem   25.2 MB  cpu 1.07
  step  18 A  auto/default r -0.027  job 261  ycsb   2000/s  c_idx    850 ns  mem   25.9 MB  cpu 1.05
  step  19 A  auto/default r -0.053  job 266  ycsb   1999/s  c_idx    886 ns  mem   28.7 MB  cpu 1.05
  step  20 A  auto/default r -0.037  job 271  ycsb   2000/s  c_idx    873 ns  mem   31.0 MB  cpu 1.05
  step  21 A  auto/default r -0.076  job 252  ycsb   2000/s  c_idx    880 ns  mem   33.3 MB  cpu 1.05
  step  22 A  auto/default r -0.062  job 268  ycsb   2000/s  c_idx    885 ns  mem   33.5 MB  cpu 1.05
  step  23 A  auto/default r -0.066  job 260  ycsb   2000/s  c_idx    878 ns  mem   33.6 MB  cpu 1.07
  step  24 A  auto/default r -0.044  job 262  ycsb   2000/s  c_idx    869 ns  mem   33.7 MB  cpu 1.06
  step  25 A  auto/default r -0.074  job 256  ycsb   1999/s  c_idx    887 ns  mem   33.8 MB  cpu 1.05
  step  26 A  auto/default r -0.058  job 257  ycsb   2000/s  c_idx    886 ns  mem   33.8 MB  cpu 1.06
  step  27 A  auto/default r -0.073  job 259  ycsb   1999/s  c_idx    880 ns  mem   33.8 MB  cpu 1.07
  step  28 A  auto/default r -0.069  job 255  ycsb   2000/s  c_idx    881 ns  mem   33.8 MB  cpu 1.06
  step  29 A  auto/default r -0.057  job 263  ycsb   2000/s  c_idx    866 ns  mem   33.9 MB  cpu 1.06
  step  30 B  auto/default r +0.042  job 149  ycsb  15957/s  c_idx    577 ns  mem   43.1 MB  cpu 0.80
  step  31 B  auto/default r +0.049  job 146  ycsb  15948/s  c_idx    545 ns  mem   44.2 MB  cpu 0.77
  step  32 B  auto/default r -0.032  job 147  ycsb  16245/s  c_idx    647 ns  mem   56.7 MB  cpu 0.78
  step  33 B  auto/default r +0.059  job 149  ycsb  16106/s  c_idx    545 ns  mem   58.0 MB  cpu 0.78
  step  34 B  auto/default r -0.016  job 149  ycsb  15908/s  c_idx    634 ns  mem   73.8 MB  cpu 0.77
  step  35 B  auto/default r +0.049  job 148  ycsb  16082/s  c_idx    555 ns  mem   74.8 MB  cpu 0.77
  step  36 B  auto/default r -0.024  job 148  ycsb  16144/s  c_idx    640 ns  mem   95.3 MB  cpu 0.77
  step  37 B  auto/default r +0.030  job 148  ycsb  15932/s  c_idx    563 ns  mem   97.0 MB  cpu 0.77
  step  38 B  auto/default r +0.044  job 148  ycsb  16095/s  c_idx    572 ns  mem   98.0 MB  cpu 0.77
  step  39 B  auto/default r +0.001  job 150  ycsb  15900/s  c_idx    627 ns  mem  104.0 MB  cpu 0.77
  step  40 B  auto/default r -0.036  job 147  ycsb  16003/s  c_idx    668 ns  mem  126.8 MB  cpu 0.77
  step  41 B  auto/default r +0.027  job 149  ycsb  15997/s  c_idx    595 ns  mem  128.0 MB  cpu 0.78
  step  42 B  auto/default r +0.026  job 147  ycsb  15944/s  c_idx    591 ns  mem  128.9 MB  cpu 0.77
  step  43 B  auto/default r +0.015  job 149  ycsb  16045/s  c_idx    605 ns  mem  130.7 MB  cpu 0.77
  step  44 B  auto/default r -0.260  job 150  ycsb  15869/s  c_idx   1049 ns  mem  162.9 MB  cpu 0.77
  step  45 B  auto/default r +0.023  job 148  ycsb  15937/s  c_idx    584 ns  mem  167.7 MB  cpu 0.77
  step  46 B  auto/default r +0.031  job 148  ycsb  15949/s  c_idx    583 ns  mem  168.9 MB  cpu 0.77
  step  47 B  auto/default r +0.022  job 149  ycsb  15884/s  c_idx    588 ns  mem  169.8 MB  cpu 0.77
  step  48 B  auto/default r +0.018  job 150  ycsb  16012/s  c_idx    606 ns  mem  171.0 MB  cpu 0.78
  step  49 B  auto/default r +0.001  job 147  ycsb  16135/s  c_idx    622 ns  mem  173.5 MB  cpu 0.78
  step  50 B  auto/default r -0.172  job 147  ycsb  15856/s  c_idx    858 ns  mem  216.0 MB  cpu 0.77
  step  51 B  auto/default r -0.009  job 146  ycsb  16050/s  c_idx    624 ns  mem  225.2 MB  cpu 0.77
  step  52 B  auto/default r +0.012  job 148  ycsb  16048/s  c_idx    602 ns  mem  226.8 MB  cpu 0.77
  step  53 B  auto/default r +0.016  job 149  ycsb  15850/s  c_idx    602 ns  mem  227.8 MB  cpu 0.77
  step  54 B  auto/default r +0.011  job 149  ycsb  15925/s  c_idx    605 ns  mem  228.8 MB  cpu 0.77
  step  55 B  auto/default r +0.004  job 148  ycsb  16077/s  c_idx    610 ns  mem  229.7 MB  cpu 0.77
  step  56 B  auto/default r -0.014  job 147  ycsb  16036/s  c_idx    631 ns  mem  231.3 MB  cpu 0.77
  step  57 B  auto/default r -0.042  job 150  ycsb  15988/s  c_idx    679 ns  mem  235.5 MB  cpu 0.77
  step  58 B  auto/default r -0.151  job 148  ycsb  15901/s  c_idx    811 ns  mem  281.3 MB  cpu 0.77
  step  59 B  auto/default r -0.043  job 148  ycsb  16008/s  c_idx    655 ns  mem  296.1 MB  cpu 0.77
  -> return -1.12, mean reward -0.019, 0 switches, actions {'auto/default': 60}

[5/30] arm ga, seed 2001, repeat 0: index of 1000000 keys built in 1.04 s
  step   0 A   off/default r +0.132  job 391  ycsb   2000/s  c_idx    836 ns  mem   24.7 MB  cpu 1.09
  step   1 A   off/default r +0.181  job 395  ycsb   2000/s  c_idx    833 ns  mem   24.7 MB  cpu 1.09
  step   2 A   off/default r +0.204  job 414  ycsb   2000/s  c_idx    835 ns  mem   24.7 MB  cpu 1.09
  step   3 A   off/default r +0.197  job 402  ycsb   2000/s  c_idx    845 ns  mem   24.7 MB  cpu 1.06
  step   4 A   off/default r +0.194  job 378  ycsb   2000/s  c_idx    823 ns  mem   24.7 MB  cpu 1.09
  step   5 A   off/default r +0.194  job 401  ycsb   2000/s  c_idx    831 ns  mem   24.7 MB  cpu 1.08
  step   6 A   off/default r +0.172  job 405  ycsb   2000/s  c_idx    848 ns  mem   26.7 MB  cpu 1.10
  step   7 A   off/default r +0.190  job 417  ycsb   2000/s  c_idx    845 ns  mem   26.7 MB  cpu 1.08
  step   8 A   off/default r +0.152  job 384  ycsb   2000/s  c_idx    873 ns  mem   26.8 MB  cpu 1.06
  step   9 A   off/default r +0.156  job 389  ycsb   2000/s  c_idx    838 ns  mem   26.8 MB  cpu 1.08
  step  10 A   off/default r +0.159  job 399  ycsb   2000/s  c_idx    847 ns  mem   26.8 MB  cpu 1.09
  step  11 A   off/default r +0.196  job 432  ycsb   2000/s  c_idx    847 ns  mem   26.8 MB  cpu 1.07
  step  12 A   off/default r +0.169  job 388  ycsb   2000/s  c_idx    863 ns  mem   26.8 MB  cpu 1.08
  step  13 A   off/default r +0.148  job 386  ycsb   2000/s  c_idx    866 ns  mem   26.9 MB  cpu 1.08
  step  14 A   off/default r +0.160  job 399  ycsb   2000/s  c_idx    862 ns  mem   26.9 MB  cpu 1.06
  step  15 A   off/default r +0.183  job 427  ycsb   2000/s  c_idx    856 ns  mem   27.0 MB  cpu 1.07
  step  16 A   off/default r +0.178  job 404  ycsb   2000/s  c_idx    858 ns  mem   27.1 MB  cpu 1.07
  step  17 A   off/default r +0.123  job 385  ycsb   2000/s  c_idx    900 ns  mem   27.4 MB  cpu 1.07
  step  18 A   off/default r +0.098  job 386  ycsb   2000/s  c_idx    918 ns  mem   29.3 MB  cpu 1.10
  step  19 A   off/default r -0.003  job 406  ycsb   2000/s  c_idx   1166 ns  mem   32.5 MB  cpu 1.08
  step  20 A   off/default r +0.143  job 409  ycsb   2000/s  c_idx    911 ns  mem   33.3 MB  cpu 1.08
  step  21 A   off/default r +0.142  job 397  ycsb   2000/s  c_idx    911 ns  mem   33.5 MB  cpu 1.10
  step  22 A   off/default r +0.138  job 393  ycsb   2000/s  c_idx    887 ns  mem   33.6 MB  cpu 1.08
  step  23 A   off/default r +0.152  job 400  ycsb   2000/s  c_idx    877 ns  mem   33.7 MB  cpu 1.07
  step  24 A   off/default r +0.158  job 420  ycsb   2000/s  c_idx    899 ns  mem   33.7 MB  cpu 1.08
  step  25 A   off/default r +0.159  job 402  ycsb   2000/s  c_idx    894 ns  mem   33.8 MB  cpu 1.08
  step  26 A   off/default r +0.114  job 389  ycsb   2000/s  c_idx    933 ns  mem   33.8 MB  cpu 1.06
  step  27 A   off/default r +0.124  job 393  ycsb   2000/s  c_idx    913 ns  mem   33.8 MB  cpu 1.08
  step  28 A   off/default r +0.155  job 416  ycsb   2000/s  c_idx    902 ns  mem   33.9 MB  cpu 1.07
  step  29 A   off/default r +0.155  job 415  ycsb   2000/s  c_idx    913 ns  mem   33.9 MB  cpu 1.09
  step  30 B   off/default r +0.279  job 227  ycsb  17253/s  c_idx    529 ns  mem   43.3 MB  cpu 0.80
  step  31 B   off/default r +0.314  job 226  ycsb  17236/s  c_idx    495 ns  mem   44.5 MB  cpu 0.79
  step  32 B   off/default r +0.264  job 234  ycsb  17211/s  c_idx    570 ns  mem   56.9 MB  cpu 0.79
  step  33 B   off/default r +0.181  job 229  ycsb  17157/s  c_idx    583 ns  mem   70.0 MB  cpu 0.79
  step  34 B   off/default r +0.311  job 235  ycsb  17143/s  c_idx    519 ns  mem   74.2 MB  cpu 0.79
  step  35 B   off/default r +0.297  job 238  ycsb  17223/s  c_idx    533 ns  mem   75.6 MB  cpu 0.79
  step  36 B   off/default r +0.207  job 228  ycsb  16942/s  c_idx    613 ns  mem   96.4 MB  cpu 0.79
  step  37 B   off/default r +0.296  job 232  ycsb  17291/s  c_idx    532 ns  mem   97.5 MB  cpu 0.79
  step  38 B   off/default r +0.280  job 236  ycsb  17247/s  c_idx    557 ns  mem   99.0 MB  cpu 0.79
  step  39 B   off/default r +0.173  job 223  ycsb  17196/s  c_idx    604 ns  mem  126.1 MB  cpu 0.79
  step  40 B   off/default r +0.293  job 234  ycsb  17265/s  c_idx    543 ns  mem  127.8 MB  cpu 0.79
  step  41 B   off/default r +0.280  job 232  ycsb  17222/s  c_idx    554 ns  mem  128.8 MB  cpu 0.79
  step  42 B   off/default r +0.250  job 223  ycsb  17245/s  c_idx    573 ns  mem  130.5 MB  cpu 0.79
  step  43 B   off/default r +0.071  job 230  ycsb  17159/s  c_idx    758 ns  mem  162.9 MB  cpu 0.79
  step  44 B   off/default r +0.258  job 227  ycsb  17143/s  c_idx    560 ns  mem  167.8 MB  cpu 0.79
  step  45 B   off/default r +0.264  job 228  ycsb  17112/s  c_idx    564 ns  mem  169.0 MB  cpu 0.79
  step  46 B   off/default r +0.252  job 232  ycsb  16973/s  c_idx    584 ns  mem  170.0 MB  cpu 0.79
  step  47 B   off/default r +0.241  job 231  ycsb  17138/s  c_idx    582 ns  mem  171.4 MB  cpu 0.79
  step  48 B   off/default r +0.221  job 234  ycsb  17182/s  c_idx    619 ns  mem  177.4 MB  cpu 0.79
  step  49 B   off/default r +0.094  job 234  ycsb  17170/s  c_idx    717 ns  mem  223.7 MB  cpu 0.79
  step  50 B   off/default r +0.247  job 229  ycsb  17196/s  c_idx    562 ns  mem  226.1 MB  cpu 0.79
  step  51 B   off/default r +0.271  job 232  ycsb  17171/s  c_idx    560 ns  mem  227.4 MB  cpu 0.79
  step  52 B   off/default r +0.265  job 234  ycsb  17128/s  c_idx    566 ns  mem  228.3 MB  cpu 0.79
  step  53 B   off/default r +0.243  job 224  ycsb  17125/s  c_idx    576 ns  mem  229.4 MB  cpu 0.79
  step  54 B   off/default r +0.247  job 230  ycsb  17181/s  c_idx    586 ns  mem  230.8 MB  cpu 0.79
  step  55 B   off/default r +0.212  job 226  ycsb  17144/s  c_idx    613 ns  mem  234.0 MB  cpu 0.79
  step  56 B   off/default r +0.027  job 221  ycsb  17029/s  c_idx    809 ns  mem  273.8 MB  cpu 0.79
  step  57 B   off/default r +0.141  job 231  ycsb  17156/s  c_idx    651 ns  mem  296.1 MB  cpu 0.79
  step  58 B   off/default r +0.235  job 231  ycsb  17226/s  c_idx    559 ns  mem  298.4 MB  cpu 0.79
  step  59 B   off/default r +0.269  job 232  ycsb  17194/s  c_idx    564 ns  mem  299.8 MB  cpu 0.79
  -> return +11.61, mean reward +0.193, 1 switches, actions {'off/default': 60}

[6/30] arm nqo, seed 2002, repeat 0: index of 1000000 keys built in 1.03 s
  step   0 A  auto/default r +0.003  job 252  ycsb   2000/s  c_idx    773 ns  mem   24.7 MB  cpu 1.06
  step   1 A  auto/default r +0.024  job 263  ycsb   2000/s  c_idx    766 ns  mem   24.7 MB  cpu 1.06
  step   2 A  auto/default r +0.002  job 254  ycsb   2000/s  c_idx    778 ns  mem   24.7 MB  cpu 1.06
  step   3 A  auto/default r +0.019  job 259  ycsb   2000/s  c_idx    769 ns  mem   24.7 MB  cpu 1.06
  step   4 A  auto/default r -0.010  job 248  ycsb   2000/s  c_idx    809 ns  mem   24.7 MB  cpu 1.05
  step   5 A  auto/default r +0.017  job 265  ycsb   1999/s  c_idx    785 ns  mem   24.7 MB  cpu 1.05
  step   6 A  auto/default r -0.023  job 248  ycsb   2000/s  c_idx    797 ns  mem   26.7 MB  cpu 1.06
  step   7 A  auto/default r -0.007  job 268  ycsb   2000/s  c_idx    805 ns  mem   26.7 MB  cpu 1.05
  step   8 A  auto/default r -0.027  job 244  ycsb   2000/s  c_idx    805 ns  mem   26.7 MB  cpu 1.04
  step   9 A  auto/default r -0.032  job 257  ycsb   2000/s  c_idx    808 ns  mem   26.8 MB  cpu 1.03
  step  10 A  auto/default r -0.045  job 241  ycsb   2000/s  c_idx    814 ns  mem   26.8 MB  cpu 1.06
  step  11 A  auto/default r -0.014  job 270  ycsb   2000/s  c_idx    811 ns  mem   26.8 MB  cpu 1.05
  step  12 A  auto/default r -0.029  job 247  ycsb   2000/s  c_idx    809 ns  mem   26.8 MB  cpu 1.05
  step  13 A  auto/default r -0.029  job 278  ycsb   1999/s  c_idx    837 ns  mem   26.9 MB  cpu 1.04
  step  14 A  auto/default r -0.017  job 255  ycsb   2000/s  c_idx    809 ns  mem   26.9 MB  cpu 1.04
  step  15 A  auto/default r -0.027  job 268  ycsb   2000/s  c_idx    824 ns  mem   26.9 MB  cpu 1.06
  step  16 A  auto/default r -0.019  job 251  ycsb   2000/s  c_idx    806 ns  mem   27.0 MB  cpu 1.08
  step  17 A  auto/default r -0.034  job 264  ycsb   2000/s  c_idx    817 ns  mem   27.2 MB  cpu 1.05
  step  18 A  auto/default r -0.049  job 247  ycsb   2000/s  c_idx    835 ns  mem   27.8 MB  cpu 1.06
  step  19 A  auto/default r -0.095  job 270  ycsb   2000/s  c_idx    933 ns  mem   30.3 MB  cpu 1.06
  step  20 A  auto/default r -0.097  job 252  ycsb   2000/s  c_idx    926 ns  mem   33.1 MB  cpu 1.06
  step  21 A  auto/default r -0.062  job 266  ycsb   2000/s  c_idx    884 ns  mem   33.4 MB  cpu 1.04
  step  22 A  auto/default r -0.055  job 258  ycsb   2000/s  c_idx    856 ns  mem   33.5 MB  cpu 1.05
  step  23 A  auto/default r -0.056  job 262  ycsb   2000/s  c_idx    870 ns  mem   33.6 MB  cpu 1.06
  step  24 A  auto/default r -0.053  job 261  ycsb   2000/s  c_idx    849 ns  mem   33.7 MB  cpu 1.04
  step  25 A  auto/default r -0.036  job 256  ycsb   2000/s  c_idx    848 ns  mem   33.7 MB  cpu 1.07
  step  26 A  auto/default r -0.038  job 272  ycsb   2000/s  c_idx    860 ns  mem   33.8 MB  cpu 1.06
  step  27 A  auto/default r -0.068  job 242  ycsb   2000/s  c_idx    853 ns  mem   33.8 MB  cpu 1.03
  step  28 A  auto/default r -0.043  job 274  ycsb   2000/s  c_idx    853 ns  mem   33.8 MB  cpu 1.06
  step  29 A  auto/default r -0.048  job 253  ycsb   2000/s  c_idx    862 ns  mem   33.9 MB  cpu 1.06
  step  30 B  auto/default r +0.024  job 149  ycsb  16041/s  c_idx    580 ns  mem   43.1 MB  cpu 0.80
  step  31 B  auto/default r +0.089  job 149  ycsb  16020/s  c_idx    515 ns  mem   44.2 MB  cpu 0.77
  step  32 B  auto/default r -0.017  job 149  ycsb  15775/s  c_idx    632 ns  mem   56.7 MB  cpu 0.77
  step  33 B  auto/default r +0.067  job 149  ycsb  15982/s  c_idx    540 ns  mem   57.8 MB  cpu 0.77
  step  34 B  auto/default r -0.026  job 149  ycsb  16041/s  c_idx    645 ns  mem   73.8 MB  cpu 0.77
  step  35 B  auto/default r +0.061  job 150  ycsb  16009/s  c_idx    548 ns  mem   74.7 MB  cpu 0.77
  step  36 B  auto/default r -0.067  job 148  ycsb  15971/s  c_idx    703 ns  mem   94.8 MB  cpu 0.77
  step  37 B  auto/default r +0.023  job 149  ycsb  16067/s  c_idx    555 ns  mem  109.0 MB  cpu 0.77
  step  38 B  auto/default r +0.025  job 149  ycsb  16102/s  c_idx    564 ns  mem  110.0 MB  cpu 0.77
  step  39 B  auto/default r -0.026  job 147  ycsb  15997/s  c_idx    618 ns  mem  114.8 MB  cpu 0.77
  step  40 B  auto/default r -0.073  job 148  ycsb  16019/s  c_idx    686 ns  mem  138.8 MB  cpu 0.77
  step  41 B  auto/default r +0.026  job 150  ycsb  16065/s  c_idx    573 ns  mem  140.0 MB  cpu 0.77
  step  42 B  auto/default r -0.019  job 148  ycsb  15935/s  c_idx    607 ns  mem  141.0 MB  cpu 0.77
  step  43 B  auto/default r -0.002  job 149  ycsb  15934/s  c_idx    602 ns  mem  142.5 MB  cpu 0.77
  step  44 B  auto/default r -0.114  job 149  ycsb  15948/s  c_idx    753 ns  mem  174.3 MB  cpu 0.77
  step  45 B  auto/default r +0.021  job 149  ycsb  16055/s  c_idx    580 ns  mem  179.7 MB  cpu 0.77
  step  46 B  auto/default r +0.016  job 147  ycsb  16054/s  c_idx    576 ns  mem  180.8 MB  cpu 0.77
  step  47 B  auto/default r +0.017  job 149  ycsb  16161/s  c_idx    583 ns  mem  181.8 MB  cpu 0.78
  step  48 B  auto/default r +0.006  job 148  ycsb  16048/s  c_idx    593 ns  mem  183.0 MB  cpu 0.77
  step  49 B  auto/default r -0.011  job 147  ycsb  16131/s  c_idx    612 ns  mem  185.5 MB  cpu 0.78
  step  50 B  auto/default r -0.393  job 148  ycsb  15816/s  c_idx   1306 ns  mem  223.7 MB  cpu 0.77
  step  51 B  auto/default r +0.002  job 150  ycsb  15983/s  c_idx    612 ns  mem  233.3 MB  cpu 0.77
  step  52 B  auto/default r +0.002  job 149  ycsb  15716/s  c_idx    607 ns  mem  234.6 MB  cpu 0.77
  step  53 B  auto/default r +0.011  job 148  ycsb  15996/s  c_idx    594 ns  mem  235.6 MB  cpu 0.77
  step  54 B  auto/default r +0.009  job 148  ycsb  15896/s  c_idx    600 ns  mem  236.6 MB  cpu 0.77
  step  55 B  auto/default r +0.001  job 147  ycsb  15975/s  c_idx    605 ns  mem  237.7 MB  cpu 0.77
  step  56 B  auto/default r -0.013  job 148  ycsb  16118/s  c_idx    622 ns  mem  239.4 MB  cpu 0.77
  step  57 B  auto/default r -0.028  job 146  ycsb  15946/s  c_idx    637 ns  mem  242.8 MB  cpu 0.77
  step  58 B  auto/default r -0.518  job 148  ycsb  15901/s  c_idx   1660 ns  mem  286.5 MB  cpu 0.78
  step  59 B  auto/default r -0.063  job 149  ycsb  16009/s  c_idx    697 ns  mem  304.3 MB  cpu 0.77
  -> return -1.92, mean reward -0.032, 0 switches, actions {'auto/default': 60}

[7/30] arm selix, seed 2002, repeat 0: index of 1000000 keys built in 1.05 s
  step   0 A   off/default r +0.122  job 400  ycsb   2000/s  c_idx    864 ns  mem   24.7 MB  cpu 1.07
  step   1 A   off/default r +0.189  job 381  ycsb   2000/s  c_idx    831 ns  mem   24.7 MB  cpu 1.08
  step   2 A   off/default r +0.173  job 383  ycsb   2000/s  c_idx    852 ns  mem   24.7 MB  cpu 1.07
  step   3 A   off/default r +0.198  job 416  ycsb   2000/s  c_idx    853 ns  mem   24.7 MB  cpu 1.09
  step   4 A   off/default r +0.193  job 407  ycsb   2000/s  c_idx    851 ns  mem   24.7 MB  cpu 1.08
  step   5 A   off/default r +0.201  job 397  ycsb   2000/s  c_idx    840 ns  mem   24.7 MB  cpu 1.08
  step   6 A   off/default r +0.191  job 396  ycsb   2000/s  c_idx    830 ns  mem   24.7 MB  cpu 1.06
  step   7 A   off/default r +0.201  job 409  ycsb   2000/s  c_idx    847 ns  mem   24.7 MB  cpu 1.09
  step   8 A   off/default r +0.185  job 401  ycsb   2000/s  c_idx    855 ns  mem   24.7 MB  cpu 1.07
  step   9 A   off/default r +0.183  job 397  ycsb   2000/s  c_idx    856 ns  mem   24.8 MB  cpu 1.07
  step  10 A   off/default r +0.187  job 384  ycsb   2000/s  c_idx    844 ns  mem   24.8 MB  cpu 1.08
  step  11 A   off/default r +0.207  job 408  ycsb   2000/s  c_idx    835 ns  mem   24.8 MB  cpu 1.07
  step  12 A   off/default r +0.212  job 408  ycsb   2000/s  c_idx    834 ns  mem   24.8 MB  cpu 1.09
  step  13 A   off/default r +0.184  job 399  ycsb   2000/s  c_idx    861 ns  mem   24.9 MB  cpu 1.06
  step  14 A   off/default r +0.180  job 390  ycsb   2000/s  c_idx    863 ns  mem   24.9 MB  cpu 1.06
  step  15 A   off/default r +0.185  job 410  ycsb   2000/s  c_idx    870 ns  mem   25.0 MB  cpu 1.07
  step  16 A   off/default r +0.187  job 418  ycsb   2000/s  c_idx    872 ns  mem   25.1 MB  cpu 1.07
  step  17 A   off/default r +0.171  job 403  ycsb   2000/s  c_idx    876 ns  mem   25.4 MB  cpu 1.06
  step  18 A   off/default r +0.122  job 390  ycsb   2000/s  c_idx    940 ns  mem   26.7 MB  cpu 1.07
  step  19 A   off/default r +0.096  job 386  ycsb   2000/s  c_idx    954 ns  mem   30.1 MB  cpu 1.06
  step  20 A   off/default r +0.138  job 404  ycsb   2000/s  c_idx    940 ns  mem   31.3 MB  cpu 1.06
  step  21 A   off/default r +0.148  job 398  ycsb   2000/s  c_idx    911 ns  mem   31.5 MB  cpu 1.08
  step  22 A   off/default r +0.162  job 396  ycsb   2000/s  c_idx    902 ns  mem   31.5 MB  cpu 1.09
  step  23 A   off/default r +0.165  job 394  ycsb   2000/s  c_idx    882 ns  mem   31.6 MB  cpu 1.08
  step  24 A   off/default r +0.166  job 412  ycsb   2000/s  c_idx    905 ns  mem   31.7 MB  cpu 1.09
  step  25 A   off/default r +0.167  job 401  ycsb   2000/s  c_idx    893 ns  mem   31.8 MB  cpu 1.08
  step  26 A   off/default r +0.149  job 405  ycsb   2000/s  c_idx    910 ns  mem   31.8 MB  cpu 1.07
  step  27 A   off/default r +0.145  job 391  ycsb   2000/s  c_idx    927 ns  mem   31.8 MB  cpu 1.06
  step  28 A   off/default r +0.159  job 415  ycsb   2000/s  c_idx    923 ns  mem   31.9 MB  cpu 1.08
  step  29 A   off/default r +0.169  job 412  ycsb   2000/s  c_idx    908 ns  mem   31.9 MB  cpu 1.09
  step  30 B   off/default r +0.300  job 234  ycsb  17180/s  c_idx    528 ns  mem   41.3 MB  cpu 0.80
  step  31 B   off/default r +0.323  job 221  ycsb  17217/s  c_idx    497 ns  mem   42.6 MB  cpu 0.79
  step  32 B   off/default r +0.276  job 235  ycsb  17203/s  c_idx    559 ns  mem   54.8 MB  cpu 0.79
  step  33 B   off/default r +0.232  job 237  ycsb  17117/s  c_idx    557 ns  mem   67.5 MB  cpu 0.79
  step  34 B   off/default r +0.306  job 235  ycsb  17129/s  c_idx    532 ns  mem   72.2 MB  cpu 0.79
  step  35 B   off/default r +0.295  job 242  ycsb  17199/s  c_idx    542 ns  mem   73.5 MB  cpu 0.79
  step  36 B   off/default r +0.222  job 233  ycsb  17142/s  c_idx    602 ns  mem   96.5 MB  cpu 0.79
  step  37 B   off/default r +0.254  job 226  ycsb  17050/s  c_idx    565 ns  mem   97.5 MB  cpu 0.79
  step  38 B   off/default r +0.266  job 232  ycsb  17073/s  c_idx    567 ns  mem   99.1 MB  cpu 0.79
  step  39 B   off/default r +0.148  job 223  ycsb  17094/s  c_idx    643 ns  mem  126.2 MB  cpu 0.79
  step  40 B   off/default r +0.252  job 224  ycsb  17183/s  c_idx    584 ns  mem  127.7 MB  cpu 0.79
  step  41 B   off/default r +0.233  job 228  ycsb  17145/s  c_idx    601 ns  mem  128.8 MB  cpu 0.79
  step  42 B   off/default r +0.217  job 220  ycsb  17173/s  c_idx    608 ns  mem  130.3 MB  cpu 0.79
  step  43 B   off/default r -0.041  job 232  ycsb  17033/s  c_idx    955 ns  mem  161.6 MB  cpu 0.79
  step  44 B   off/default r +0.219  job 238  ycsb  17139/s  c_idx    614 ns  mem  167.7 MB  cpu 0.79
  step  45 B   off/default r +0.230  job 226  ycsb  17187/s  c_idx    595 ns  mem  168.8 MB  cpu 0.79
  step  46 B   off/default r +0.237  job 239  ycsb  17148/s  c_idx    606 ns  mem  169.9 MB  cpu 0.79
  step  47 B   off/default r +0.196  job 233  ycsb  16929/s  c_idx    640 ns  mem  171.3 MB  cpu 0.79
  step  48 B   off/default r +0.177  job 233  ycsb  17139/s  c_idx    660 ns  mem  183.1 MB  cpu 0.79
  step  49 B   off/default r +0.003  job 240  ycsb  17094/s  c_idx    865 ns  mem  223.3 MB  cpu 0.79
  step  50 B   off/default r +0.215  job 228  ycsb  17151/s  c_idx    599 ns  mem  225.9 MB  cpu 0.79
  step  51 B   off/default r +0.230  job 221  ycsb  17192/s  c_idx    600 ns  mem  227.2 MB  cpu 0.79
  step  52 B   off/default r +0.226  job 230  ycsb  17140/s  c_idx    605 ns  mem  228.1 MB  cpu 0.79
  step  53 B   off/default r +0.224  job 222  ycsb  17128/s  c_idx    608 ns  mem  229.2 MB  cpu 0.79
  step  54 B   off/default r +0.211  job 225  ycsb  17086/s  c_idx    626 ns  mem  230.7 MB  cpu 0.79
  step  55 B   off/default r +0.165  job 227  ycsb  17073/s  c_idx    669 ns  mem  233.7 MB  cpu 0.79
  step  56 B   off/default r -0.243  job 223  ycsb  17089/s  c_idx   1417 ns  mem  271.5 MB  cpu 0.79
  step  57 B   off/default r +0.128  job 230  ycsb  16835/s  c_idx    657 ns  mem  295.9 MB  cpu 0.79
  step  58 B   off/default r +0.208  job 237  ycsb  17149/s  c_idx    599 ns  mem  298.1 MB  cpu 0.79
  step  59 B   off/default r +0.222  job 229  ycsb  17044/s  c_idx    606 ns  mem  299.4 MB  cpu 0.79
  -> return +11.07, mean reward +0.184, 1 switches, actions {'off/default': 60}

[8/30] arm both, seed 2002, repeat 0: index of 1000000 keys built in 1.05 s
  step   0 A  auto/default r +0.001  job 242  ycsb   2000/s  c_idx    770 ns  mem   24.7 MB  cpu 1.05
  step   1 A  auto/default r +0.011  job 268  ycsb   2000/s  c_idx    773 ns  mem   24.7 MB  cpu 1.04
  step   2 A  auto/default r -0.016  job 254  ycsb   2000/s  c_idx    801 ns  mem   24.7 MB  cpu 1.04
  step   3 A  auto/default r +0.011  job 267  ycsb   2000/s  c_idx    783 ns  mem   24.7 MB  cpu 1.06
  step   4 A  auto/default r -0.002  job 255  ycsb   2000/s  c_idx    783 ns  mem   24.7 MB  cpu 1.06
  step   5 A  auto/default r -0.005  job 259  ycsb   2000/s  c_idx    810 ns  mem   24.7 MB  cpu 1.06
  step   6 A  auto/default r +0.010  job 259  ycsb   2000/s  c_idx    779 ns  mem   24.7 MB  cpu 1.06
  step   7 A  auto/default r +0.008  job 265  ycsb   2000/s  c_idx    795 ns  mem   24.7 MB  cpu 1.05
  step   8 A  auto/default r +0.026  job 261  ycsb   2000/s  c_idx    784 ns  mem   24.8 MB  cpu 1.06
  step   9 A  auto/default r +0.017  job 265  ycsb   2000/s  c_idx    776 ns  mem   24.8 MB  cpu 1.05
  step  10 A  auto/default r +0.009  job 249  ycsb   2000/s  c_idx    790 ns  mem   24.8 MB  cpu 1.05
  step  11 A  auto/default r +0.008  job 267  ycsb   2000/s  c_idx    792 ns  mem   24.8 MB  cpu 1.03
  step  12 A  auto/default r -0.004  job 243  ycsb   2000/s  c_idx    794 ns  mem   24.8 MB  cpu 1.05
  step  13 A  auto/default r +0.012  job 271  ycsb   2000/s  c_idx    790 ns  mem   24.9 MB  cpu 1.07
  step  14 A  auto/default r -0.001  job 247  ycsb   2000/s  c_idx    805 ns  mem   24.9 MB  cpu 1.06
  step  15 A  auto/default r +0.004  job 273  ycsb   2000/s  c_idx    804 ns  mem   25.0 MB  cpu 1.05
  step  16 A  auto/default r -0.004  job 248  ycsb   2000/s  c_idx    808 ns  mem   25.0 MB  cpu 1.05
  step  17 A  auto/default r -0.005  job 267  ycsb   2000/s  c_idx    799 ns  mem   25.2 MB  cpu 1.04
  step  18 A  auto/default r -0.004  job 257  ycsb   2000/s  c_idx    803 ns  mem   25.9 MB  cpu 1.05
  step  19 A  auto/default r -0.095  job 266  ycsb   2000/s  c_idx    946 ns  mem   28.7 MB  cpu 1.05
  step  20 A  auto/default r -0.042  job 255  ycsb   2000/s  c_idx    883 ns  mem   30.9 MB  cpu 1.06
  step  21 A  auto/default r -0.043  job 267  ycsb   2000/s  c_idx    861 ns  mem   31.4 MB  cpu 1.06
  step  22 A  auto/default r -0.019  job 257  ycsb   2000/s  c_idx    839 ns  mem   31.6 MB  cpu 1.04
  step  23 A  auto/default r -0.038  job 259  ycsb   2000/s  c_idx    836 ns  mem   31.6 MB  cpu 1.07
  step  24 A  auto/default r -0.030  job 255  ycsb   2000/s  c_idx    861 ns  mem   31.7 MB  cpu 1.06
  step  25 A  auto/default r -0.018  job 268  ycsb   2000/s  c_idx    832 ns  mem   31.7 MB  cpu 1.07
  step  26 A  auto/default r -0.005  job 262  ycsb   2000/s  c_idx    823 ns  mem   31.8 MB  cpu 1.05
  step  27 A  auto/default r -0.019  job 270  ycsb   1999/s  c_idx    835 ns  mem   31.8 MB  cpu 1.06
  step  28 A  auto/default r -0.013  job 258  ycsb   1999/s  c_idx    839 ns  mem   31.8 MB  cpu 1.06
  step  29 A  auto/default r -0.034  job 253  ycsb   2000/s  c_idx    841 ns  mem   31.9 MB  cpu 1.05
  step  30 B  auto/default r +0.056  job 147  ycsb  16106/s  c_idx    548 ns  mem   41.0 MB  cpu 0.78
  step  31 B  auto/default r +0.103  job 149  ycsb  16011/s  c_idx    508 ns  mem   42.2 MB  cpu 0.77
  step  32 B  auto/default r +0.038  job 147  ycsb  15903/s  c_idx    573 ns  mem   54.7 MB  cpu 0.77
  step  33 B  auto/default r +0.047  job 148  ycsb  15927/s  c_idx    558 ns  mem   55.9 MB  cpu 0.77
  step  34 B  auto/default r -0.005  job 146  ycsb  15943/s  c_idx    624 ns  mem   71.8 MB  cpu 0.77
  step  35 B  auto/default r +0.069  job 149  ycsb  16011/s  c_idx    542 ns  mem   72.7 MB  cpu 0.77
  step  36 B  auto/default r -0.065  job 145  ycsb  16031/s  c_idx    693 ns  mem   94.8 MB  cpu 0.77
  step  37 B  auto/default r +0.054  job 149  ycsb  15903/s  c_idx    555 ns  mem   97.0 MB  cpu 0.77
  step  38 B  auto/default r +0.035  job 143  ycsb  16054/s  c_idx    576 ns  mem   97.9 MB  cpu 0.77
  step  39 B  auto/default r -0.004  job 149  ycsb  15968/s  c_idx    635 ns  mem  102.2 MB  cpu 0.78
  step  40 B  auto/default r -0.032  job 148  ycsb  16043/s  c_idx    658 ns  mem  126.8 MB  cpu 0.77
  step  41 B  auto/default r +0.026  job 149  ycsb  15917/s  c_idx    596 ns  mem  127.9 MB  cpu 0.77
  step  42 B  auto/default r +0.012  job 149  ycsb  15872/s  c_idx    610 ns  mem  128.9 MB  cpu 0.77
  step  43 B  auto/default r -0.040  job 147  ycsb  15782/s  c_idx    657 ns  mem  130.5 MB  cpu 0.77
  step  44 B  auto/default r -0.138  job 148  ycsb  15912/s  c_idx    814 ns  mem  161.5 MB  cpu 0.77
  step  45 B  auto/default r +0.005  job 146  ycsb  15980/s  c_idx    612 ns  mem  167.6 MB  cpu 0.77
  step  46 B  auto/default r +0.020  job 148  ycsb  16024/s  c_idx    600 ns  mem  168.8 MB  cpu 0.77
  step  47 B  auto/default r -0.004  job 146  ycsb  16036/s  c_idx    607 ns  mem  169.7 MB  cpu 0.77
  step  48 B  auto/default r -0.006  job 146  ycsb  15968/s  c_idx    617 ns  mem  170.8 MB  cpu 0.77
  step  49 B  auto/default r -0.034  job 147  ycsb  15978/s  c_idx    666 ns  mem  173.1 MB  cpu 0.78
  step  50 B  auto/default r -0.225  job 147  ycsb  15909/s  c_idx    946 ns  mem  214.9 MB  cpu 0.77
  step  51 B  auto/default r +0.001  job 149  ycsb  16108/s  c_idx    619 ns  mem  225.2 MB  cpu 0.78
  step  52 B  auto/default r +0.010  job 149  ycsb  15976/s  c_idx    607 ns  mem  226.6 MB  cpu 0.77
  step  53 B  auto/default r -0.026  job 146  ycsb  15725/s  c_idx    639 ns  mem  227.6 MB  cpu 0.77
  step  54 B  auto/default r +0.001  job 149  ycsb  15883/s  c_idx    619 ns  mem  228.6 MB  cpu 0.77
  step  55 B  auto/default r -0.004  job 148  ycsb  16016/s  c_idx    621 ns  mem  229.6 MB  cpu 0.78
  step  56 B  auto/default r -0.016  job 148  ycsb  16015/s  c_idx    637 ns  mem  231.1 MB  cpu 0.77
  step  57 B  auto/default r -0.026  job 150  ycsb  15854/s  c_idx    660 ns  mem  234.2 MB  cpu 0.77
  step  58 B  auto/default r -0.121  job 148  ycsb  15962/s  c_idx    772 ns  mem  274.5 MB  cpu 0.77
  step  59 B  auto/default r -0.051  job 147  ycsb  15997/s  c_idx    688 ns  mem  296.2 MB  cpu 0.78
  -> return -0.60, mean reward -0.010, 0 switches, actions {'auto/default': 60}

[9/30] arm ga, seed 2002, repeat 0: index of 1000000 keys built in 1.05 s
  step   0 A   off/default r +0.156  job 402  ycsb   2000/s  c_idx    806 ns  mem   24.7 MB  cpu 1.09
  step   1 A   off/default r +0.206  job 392  ycsb   2000/s  c_idx    804 ns  mem   24.7 MB  cpu 1.08
  step   2 A   off/default r +0.170  job 374  ycsb   2000/s  c_idx    832 ns  mem   24.7 MB  cpu 1.08
  step   3 A   off/default r +0.195  job 403  ycsb   2000/s  c_idx    831 ns  mem   24.7 MB  cpu 1.06
  step   4 A   off/default r +0.197  job 404  ycsb   2000/s  c_idx    824 ns  mem   24.7 MB  cpu 1.07
  step   5 A   off/default r +0.209  job 397  ycsb   2000/s  c_idx    819 ns  mem   24.7 MB  cpu 1.10
  step   6 A   off/default r +0.187  job 384  ycsb   2000/s  c_idx    825 ns  mem   24.7 MB  cpu 1.08
  step   7 A   off/default r +0.210  job 399  ycsb   2000/s  c_idx    826 ns  mem   24.7 MB  cpu 1.08
  step   8 A   off/default r +0.191  job 390  ycsb   2000/s  c_idx    830 ns  mem   24.8 MB  cpu 1.09
  step   9 A   off/default r +0.211  job 404  ycsb   2000/s  c_idx    814 ns  mem   24.8 MB  cpu 1.10
  step  10 A   off/default r +0.200  job 389  ycsb   2000/s  c_idx    825 ns  mem   24.8 MB  cpu 1.08
  step  11 A   off/default r +0.203  job 406  ycsb   2000/s  c_idx    836 ns  mem   24.8 MB  cpu 1.08
  step  12 A   off/default r +0.205  job 390  ycsb   2000/s  c_idx    831 ns  mem   24.8 MB  cpu 1.06
  step  13 A   off/default r +0.214  job 423  ycsb   2000/s  c_idx    827 ns  mem   24.9 MB  cpu 1.08
  step  14 A   off/default r +0.196  job 393  ycsb   2000/s  c_idx    833 ns  mem   24.9 MB  cpu 1.06
  step  15 A   off/default r +0.205  job 408  ycsb   2000/s  c_idx    831 ns  mem   25.0 MB  cpu 1.08
  step  16 A   off/default r +0.173  job 393  ycsb   2000/s  c_idx    843 ns  mem   27.1 MB  cpu 1.08
  step  17 A   off/default r +0.169  job 415  ycsb   2000/s  c_idx    849 ns  mem   27.5 MB  cpu 1.06
  step  18 A   off/default r +0.143  job 407  ycsb   2000/s  c_idx    893 ns  mem   28.6 MB  cpu 1.07
  step  19 A   off/default r +0.045  job 394  ycsb   2000/s  c_idx   1041 ns  mem   32.3 MB  cpu 1.07
  step  20 A   off/default r +0.133  job 395  ycsb   2000/s  c_idx    916 ns  mem   33.1 MB  cpu 1.08
  step  21 A   off/default r +0.140  job 404  ycsb   2000/s  c_idx    900 ns  mem   33.4 MB  cpu 1.06
  step  22 A   off/default r +0.163  job 410  ycsb   2000/s  c_idx    888 ns  mem   33.6 MB  cpu 1.06
  step  23 A   off/default r +0.139  job 387  ycsb   2000/s  c_idx    888 ns  mem   33.7 MB  cpu 1.09
  step  24 A   off/default r +0.155  job 402  ycsb   2000/s  c_idx    892 ns  mem   33.7 MB  cpu 1.09
  step  25 A   off/default r +0.153  job 394  ycsb   2000/s  c_idx    884 ns  mem   33.8 MB  cpu 1.07
  step  26 A   off/default r +0.144  job 411  ycsb   2000/s  c_idx    903 ns  mem   33.8 MB  cpu 1.07
  step  27 A   off/default r +0.158  job 397  ycsb   2000/s  c_idx    873 ns  mem   33.8 MB  cpu 1.06
  step  28 A   off/default r +0.145  job 399  ycsb   2000/s  c_idx    901 ns  mem   33.9 MB  cpu 1.08
  step  29 A   off/default r +0.158  job 402  ycsb   2000/s  c_idx    891 ns  mem   33.9 MB  cpu 1.08
  step  30 B   off/default r +0.301  job 245  ycsb  17195/s  c_idx    526 ns  mem   43.3 MB  cpu 0.80
  step  31 B   off/default r +0.317  job 233  ycsb  17261/s  c_idx    503 ns  mem   44.6 MB  cpu 0.79
  step  32 B   off/default r +0.258  job 226  ycsb  17211/s  c_idx    564 ns  mem   56.9 MB  cpu 0.79
  step  33 B   off/default r +0.163  job 243  ycsb  17185/s  c_idx    625 ns  mem   70.2 MB  cpu 0.79
  step  34 B   off/default r +0.307  job 230  ycsb  17249/s  c_idx    515 ns  mem   74.2 MB  cpu 0.79
  step  35 B   off/default r +0.276  job 228  ycsb  17245/s  c_idx    547 ns  mem   75.6 MB  cpu 0.79
  step  36 B   off/default r +0.232  job 240  ycsb  17131/s  c_idx    597 ns  mem   96.5 MB  cpu 0.79
  step  37 B   off/default r +0.280  job 226  ycsb  17228/s  c_idx    543 ns  mem   97.6 MB  cpu 0.79
  step  38 B   off/default r +0.242  job 225  ycsb  17005/s  c_idx    585 ns  mem   99.1 MB  cpu 0.79
  step  39 B   off/default r +0.126  job 235  ycsb  17114/s  c_idx    685 ns  mem  126.3 MB  cpu 0.79
  step  40 B   off/default r +0.247  job 222  ycsb  17155/s  c_idx    584 ns  mem  127.8 MB  cpu 0.79
  step  41 B   off/default r +0.239  job 230  ycsb  17172/s  c_idx    592 ns  mem  128.8 MB  cpu 0.79
  step  42 B   off/default r +0.235  job 231  ycsb  17175/s  c_idx    607 ns  mem  130.4 MB  cpu 0.79
  step  43 B   off/default r +0.138  job 223  ycsb  17137/s  c_idx    658 ns  mem  162.8 MB  cpu 0.79
  step  44 B   off/default r +0.224  job 237  ycsb  17079/s  c_idx    597 ns  mem  167.8 MB  cpu 0.79
  step  45 B   off/default r +0.241  job 232  ycsb  17163/s  c_idx    596 ns  mem  168.9 MB  cpu 0.79
  step  46 B   off/default r +0.232  job 229  ycsb  17161/s  c_idx    610 ns  mem  170.0 MB  cpu 0.79
  step  47 B   off/default r +0.229  job 246  ycsb  17181/s  c_idx    620 ns  mem  171.4 MB  cpu 0.79
  step  48 B   off/default r +0.151  job 230  ycsb  16954/s  c_idx    696 ns  mem  177.7 MB  cpu 0.79
  step  49 B   off/default r -0.026  job 228  ycsb  17004/s  c_idx    898 ns  mem  223.4 MB  cpu 0.79
  step  50 B   off/default r +0.220  job 240  ycsb  17181/s  c_idx    604 ns  mem  226.0 MB  cpu 0.79
  step  51 B   off/default r +0.234  job 230  ycsb  17183/s  c_idx    607 ns  mem  227.3 MB  cpu 0.79
  step  52 B   off/default r +0.218  job 227  ycsb  17233/s  c_idx    614 ns  mem  228.3 MB  cpu 0.79
  step  53 B   off/default r +0.225  job 238  ycsb  17092/s  c_idx    620 ns  mem  229.3 MB  cpu 0.79
  step  54 B   off/default r +0.197  job 221  ycsb  17082/s  c_idx    643 ns  mem  230.9 MB  cpu 0.79
  step  55 B   off/default r +0.186  job 224  ycsb  17076/s  c_idx    648 ns  mem  234.0 MB  cpu 0.79
  step  56 B   off/default r -0.001  job 233  ycsb  17076/s  c_idx    895 ns  mem  274.1 MB  cpu 0.79
  step  57 B   off/default r -0.119  job 217  ycsb  17099/s  c_idx   1068 ns  mem  296.3 MB  cpu 0.79
  step  58 B   off/default r +0.173  job 233  ycsb  17003/s  c_idx    632 ns  mem  298.3 MB  cpu 0.79
  step  59 B   off/default r +0.226  job 231  ycsb  17185/s  c_idx    610 ns  mem  299.7 MB  cpu 0.79
  -> return +11.15, mean reward +0.186, 1 switches, actions {'off/default': 60}

[10/30] arm none, seed 2002, repeat 0: index of 1000000 keys built in 1.04 s
  step   0 A   off/default r +0.161  job 409  ycsb   2000/s  c_idx    811 ns  mem   24.7 MB  cpu 1.09
  step   1 A   off/default r +0.229  job 394  ycsb   2000/s  c_idx    781 ns  mem   24.7 MB  cpu 1.08
  step   2 A   off/default r +0.192  job 390  ycsb   2000/s  c_idx    824 ns  mem   24.7 MB  cpu 1.08
  step   3 A   off/default r +0.208  job 422  ycsb   2000/s  c_idx    833 ns  mem   24.7 MB  cpu 1.08
  step   4 A   off/default r +0.201  job 410  ycsb   2000/s  c_idx    835 ns  mem   24.7 MB  cpu 1.08
  step   5 A   off/default r +0.189  job 397  ycsb   2000/s  c_idx    845 ns  mem   24.7 MB  cpu 1.06
  step   6 A   off/default r +0.169  job 386  ycsb   2000/s  c_idx    869 ns  mem   24.7 MB  cpu 1.08
  step   7 A   off/default r +0.182  job 400  ycsb   2000/s  c_idx    848 ns  mem   24.7 MB  cpu 1.09
  step   8 A   off/default r +0.193  job 404  ycsb   2000/s  c_idx    851 ns  mem   24.7 MB  cpu 1.07
  step   9 A   off/default r +0.188  job 394  ycsb   2000/s  c_idx    843 ns  mem   24.8 MB  cpu 1.06
  step  10 A   off/default r +0.190  job 384  ycsb   2000/s  c_idx    839 ns  mem   24.8 MB  cpu 1.08
  step  11 A   off/default r +0.196  job 408  ycsb   2000/s  c_idx    841 ns  mem   24.8 MB  cpu 1.07
  step  12 A   off/default r +0.193  job 406  ycsb   2000/s  c_idx    845 ns  mem   24.8 MB  cpu 1.08
  step  13 A   off/default r +0.178  job 391  ycsb   2000/s  c_idx    851 ns  mem   24.9 MB  cpu 1.06
  step  14 A   off/default r +0.187  job 391  ycsb   2000/s  c_idx    851 ns  mem   24.9 MB  cpu 1.08
  step  15 A   off/default r +0.173  job 398  ycsb   2000/s  c_idx    878 ns  mem   25.0 MB  cpu 1.09
  step  16 A   off/default r +0.206  job 425  ycsb   2000/s  c_idx    845 ns  mem   25.1 MB  cpu 1.08
  step  17 A   off/default r +0.172  job 386  ycsb   2000/s  c_idx    859 ns  mem   25.4 MB  cpu 1.07
  step  18 A   off/default r +0.146  job 395  ycsb   2000/s  c_idx    897 ns  mem   27.2 MB  cpu 1.07
  step  19 A   off/default r +0.057  job 388  ycsb   2000/s  c_idx   1009 ns  mem   32.7 MB  cpu 1.08
  step  20 A   off/default r +0.143  job 412  ycsb   2000/s  c_idx    904 ns  mem   33.3 MB  cpu 1.08
  step  21 A   off/default r +0.154  job 400  ycsb   2000/s  c_idx    886 ns  mem   33.5 MB  cpu 1.07
  step  22 A   off/default r +0.133  job 387  ycsb   2000/s  c_idx    907 ns  mem   33.6 MB  cpu 1.09
  step  23 A   off/default r +0.141  job 387  ycsb   2000/s  c_idx    903 ns  mem   33.7 MB  cpu 1.08
  step  24 A   off/default r +0.117  job 406  ycsb   2000/s  c_idx    943 ns  mem   33.7 MB  cpu 1.09
  step  25 A   off/default r +0.143  job 416  ycsb   2000/s  c_idx    914 ns  mem   33.8 MB  cpu 1.10
  step  26 A   off/default r +0.145  job 407  ycsb   2000/s  c_idx    916 ns  mem   33.8 MB  cpu 1.07
  step  27 A   off/default r +0.143  job 389  ycsb   2000/s  c_idx    898 ns  mem   33.8 MB  cpu 1.07
  step  28 A   off/default r +0.133  job 391  ycsb   2000/s  c_idx    909 ns  mem   33.9 MB  cpu 1.07
  step  29 A   off/default r +0.152  job 417  ycsb   2000/s  c_idx    902 ns  mem   33.9 MB  cpu 1.07
  step  30 B   off/default r +0.326  job 231  ycsb  17289/s  c_idx    502 ns  mem   43.4 MB  cpu 0.82
  step  31 B   off/default r +0.304  job 220  ycsb  17272/s  c_idx    500 ns  mem   44.6 MB  cpu 0.79
  step  32 B   off/default r +0.282  job 239  ycsb  17190/s  c_idx    539 ns  mem   56.9 MB  cpu 0.79
  step  33 B   off/default r +0.137  job 229  ycsb  17072/s  c_idx    660 ns  mem   70.0 MB  cpu 0.79
  step  34 B   off/default r +0.276  job 232  ycsb  17201/s  c_idx    539 ns  mem   74.2 MB  cpu 0.79
  step  35 B   off/default r +0.287  job 246  ycsb  17258/s  c_idx    542 ns  mem   75.5 MB  cpu 0.79
  step  36 B   off/default r +0.218  job 232  ycsb  17188/s  c_idx    618 ns  mem   96.5 MB  cpu 0.79
  step  37 B   off/default r +0.278  job 233  ycsb  17217/s  c_idx    542 ns  mem   97.6 MB  cpu 0.79
  step  38 B   off/default r +0.284  job 245  ycsb  17150/s  c_idx    563 ns  mem   99.1 MB  cpu 0.79
  step  39 B   off/default r +0.077  job 222  ycsb  17187/s  c_idx    740 ns  mem  126.4 MB  cpu 0.79
  step  40 B   off/default r +0.261  job 231  ycsb  17238/s  c_idx    573 ns  mem  127.8 MB  cpu 0.79
  step  41 B   off/default r +0.255  job 234  ycsb  17163/s  c_idx    591 ns  mem  128.8 MB  cpu 0.79
  step  42 B   off/default r +0.220  job 215  ycsb  17210/s  c_idx    608 ns  mem  130.4 MB  cpu 0.79
  step  43 B   off/default r +0.065  job 228  ycsb  16990/s  c_idx    749 ns  mem  162.6 MB  cpu 0.79
  step  44 B   off/default r +0.248  job 230  ycsb  17146/s  c_idx    585 ns  mem  167.7 MB  cpu 0.79
  step  45 B   off/default r +0.233  job 222  ycsb  17133/s  c_idx    587 ns  mem  168.8 MB  cpu 0.79
  step  46 B   off/default r +0.249  job 245  ycsb  17184/s  c_idx    595 ns  mem  169.9 MB  cpu 0.79
  step  47 B   off/default r +0.232  job 230  ycsb  17160/s  c_idx    608 ns  mem  171.3 MB  cpu 0.79
  step  48 B   off/default r +0.188  job 232  ycsb  17189/s  c_idx    633 ns  mem  183.8 MB  cpu 0.79
  step  49 B   off/default r +0.002  job 247  ycsb  17137/s  c_idx    871 ns  mem  223.4 MB  cpu 0.79
  step  50 B   off/default r +0.227  job 230  ycsb  17206/s  c_idx    593 ns  mem  225.9 MB  cpu 0.79
  step  51 B   off/default r +0.224  job 231  ycsb  17086/s  c_idx    602 ns  mem  227.1 MB  cpu 0.79
  step  52 B   off/default r +0.250  job 246  ycsb  17196/s  c_idx    599 ns  mem  228.2 MB  cpu 0.79
  step  53 B   off/default r +0.193  job 222  ycsb  16904/s  c_idx    643 ns  mem  229.2 MB  cpu 0.79
  step  54 B   off/default r +0.203  job 230  ycsb  17182/s  c_idx    630 ns  mem  230.7 MB  cpu 0.79
  step  55 B   off/default r +0.170  job 231  ycsb  17200/s  c_idx    685 ns  mem  236.1 MB  cpu 0.79
  step  56 B   off/default r +0.105  job 214  ycsb  17158/s  c_idx    697 ns  mem  274.6 MB  cpu 0.79
  step  57 B   off/default r +0.129  job 229  ycsb  17144/s  c_idx    653 ns  mem  296.1 MB  cpu 0.79
  step  58 B   off/default r +0.215  job 230  ycsb  17222/s  c_idx    598 ns  mem  298.2 MB  cpu 0.79
  step  59 B   off/default r +0.221  job 220  ycsb  17194/s  c_idx    597 ns  mem  299.5 MB  cpu 0.79
  -> return +11.38, mean reward +0.190, 1 switches, actions {'off/default': 60}

[11/30] arm selix, seed 2003, repeat 0: index of 1000000 keys built in 1.05 s
  step   0 A   off/default r +0.163  job 429  ycsb   2000/s  c_idx    832 ns  mem   24.7 MB  cpu 1.09
  step   1 A   off/default r +0.199  job 411  ycsb   2000/s  c_idx    839 ns  mem   24.7 MB  cpu 1.09
  step   2 A   off/default r +0.172  job 385  ycsb   2000/s  c_idx    855 ns  mem   24.7 MB  cpu 1.06
  step   3 A   off/default r +0.169  job 370  ycsb   2000/s  c_idx    838 ns  mem   24.7 MB  cpu 1.07
  step   4 A   off/default r +0.248  job 413  ycsb   2000/s  c_idx    767 ns  mem   24.7 MB  cpu 1.09
  step   5 A   off/default r +0.223  job 423  ycsb   2000/s  c_idx    824 ns  mem   24.7 MB  cpu 1.07
  step   6 A   off/default r +0.239  job 396  ycsb   2000/s  c_idx    772 ns  mem   24.7 MB  cpu 1.08
  step   7 A   off/default r +0.201  job 370  ycsb   2000/s  c_idx    802 ns  mem   24.7 MB  cpu 1.08
  step   8 A   off/default r +0.190  job 386  ycsb   2000/s  c_idx    837 ns  mem   24.7 MB  cpu 1.09
  step   9 A   off/default r +0.198  job 421  ycsb   2000/s  c_idx    847 ns  mem   24.8 MB  cpu 1.10
  step  10 A   off/default r +0.201  job 414  ycsb   2000/s  c_idx    855 ns  mem   24.8 MB  cpu 1.07
  step  11 A   off/default r +0.162  job 377  ycsb   2000/s  c_idx    873 ns  mem   24.8 MB  cpu 1.09
  step  12 A   off/default r +0.171  job 380  ycsb   2000/s  c_idx    855 ns  mem   24.8 MB  cpu 1.08
  step  13 A   off/default r +0.190  job 408  ycsb   2000/s  c_idx    855 ns  mem   24.9 MB  cpu 1.07
  step  14 A   off/default r +0.203  job 423  ycsb   2000/s  c_idx    858 ns  mem   24.9 MB  cpu 1.07
  step  15 A   off/default r +0.191  job 402  ycsb   2000/s  c_idx    856 ns  mem   25.0 MB  cpu 1.08
  step  16 A   off/default r +0.165  job 377  ycsb   2000/s  c_idx    867 ns  mem   25.1 MB  cpu 1.07
  step  17 A   off/default r +0.176  job 396  ycsb   2000/s  c_idx    872 ns  mem   25.2 MB  cpu 1.08
  step  18 A   off/default r +0.116  job 417  ycsb   2000/s  c_idx    977 ns  mem   27.7 MB  cpu 1.08
  step  19 A   off/default r +0.140  job 407  ycsb   2000/s  c_idx    915 ns  mem   30.4 MB  cpu 1.08
  step  20 A   off/default r +0.116  job 381  ycsb   2000/s  c_idx    936 ns  mem   31.3 MB  cpu 1.08
  step  21 A   off/default r +0.146  job 385  ycsb   2000/s  c_idx    908 ns  mem   31.5 MB  cpu 1.07
  step  22 A   off/default r +0.174  job 425  ycsb   2000/s  c_idx    891 ns  mem   31.5 MB  cpu 1.07
  step  23 A   off/default r +0.167  job 409  ycsb   2000/s  c_idx    895 ns  mem   31.6 MB  cpu 1.07
  step  24 A   off/default r +0.156  job 393  ycsb   2000/s  c_idx    898 ns  mem   31.7 MB  cpu 1.08
  step  25 A   off/default r +0.145  job 377  ycsb   2000/s  c_idx    904 ns  mem   31.7 MB  cpu 1.07
  step  26 A   off/default r +0.176  job 408  ycsb   2000/s  c_idx    881 ns  mem   31.8 MB  cpu 1.08
  step  27 A   off/default r +0.183  job 406  ycsb   2000/s  c_idx    863 ns  mem   31.8 MB  cpu 1.07
  step  28 A   off/default r +0.167  job 410  ycsb   2000/s  c_idx    897 ns  mem   31.9 MB  cpu 1.08
  step  29 A   off/default r +0.122  job 378  ycsb   2000/s  c_idx    929 ns  mem   31.9 MB  cpu 1.08
  step  30 B   off/default r +0.310  job 245  ycsb  17209/s  c_idx    525 ns  mem   41.3 MB  cpu 0.80
  step  31 B   off/default r +0.336  job 228  ycsb  17191/s  c_idx    494 ns  mem   42.5 MB  cpu 0.79
  step  32 B   off/default r +0.285  job 225  ycsb  17243/s  c_idx    537 ns  mem   54.8 MB  cpu 0.79
  step  33 B   off/default r +0.211  job 242  ycsb  17161/s  c_idx    584 ns  mem   68.2 MB  cpu 0.79
  step  34 B   off/default r +0.313  job 227  ycsb  17181/s  c_idx    518 ns  mem   72.2 MB  cpu 0.79
  step  35 B   off/default r +0.276  job 225  ycsb  17145/s  c_idx    537 ns  mem   73.6 MB  cpu 0.79
  step  36 B   off/default r +0.147  job 235  ycsb  17137/s  c_idx    711 ns  mem   94.4 MB  cpu 0.79
  step  37 B   off/default r +0.286  job 223  ycsb  17128/s  c_idx    535 ns  mem   97.5 MB  cpu 0.79
  step  38 B   off/default r +0.255  job 231  ycsb  16932/s  c_idx    572 ns  mem   99.1 MB  cpu 0.79
  step  39 B   off/default r +0.082  job 232  ycsb  16961/s  c_idx    743 ns  mem  126.1 MB  cpu 0.79
  step  40 B   off/default r +0.276  job 222  ycsb  16992/s  c_idx    546 ns  mem  127.8 MB  cpu 0.79
  step  41 B   off/default r +0.270  job 232  ycsb  17200/s  c_idx    562 ns  mem  128.7 MB  cpu 0.79
  step  42 B   off/default r +0.263  job 235  ycsb  17068/s  c_idx    585 ns  mem  130.3 MB  cpu 0.79
  step  43 B   off/default r +0.056  job 223  ycsb  17099/s  c_idx    766 ns  mem  162.4 MB  cpu 0.79
  step  44 B   off/default r +0.271  job 246  ycsb  17215/s  c_idx    561 ns  mem  167.7 MB  cpu 0.79
  step  45 B   off/default r +0.286  job 231  ycsb  17232/s  c_idx    556 ns  mem  168.8 MB  cpu 0.79
  step  46 B   off/default r +0.256  job 223  ycsb  17186/s  c_idx    569 ns  mem  169.8 MB  cpu 0.79
  step  47 B   off/default r +0.262  job 247  ycsb  17182/s  c_idx    585 ns  mem  171.1 MB  cpu 0.79
  step  48 B   off/default r +0.195  job 228  ycsb  16812/s  c_idx    637 ns  mem  182.8 MB  cpu 0.79
  step  49 B   off/default r +0.013  job 229  ycsb  17076/s  c_idx    821 ns  mem  223.1 MB  cpu 0.79
  step  50 B   off/default r +0.235  job 236  ycsb  17058/s  c_idx    588 ns  mem  226.0 MB  cpu 0.79
  step  51 B   off/default r +0.251  job 226  ycsb  17204/s  c_idx    576 ns  mem  227.1 MB  cpu 0.79
  step  52 B   off/default r +0.240  job 232  ycsb  17181/s  c_idx    583 ns  mem  228.1 MB  cpu 0.79
  step  53 B   off/default r +0.244  job 235  ycsb  17083/s  c_idx    595 ns  mem  229.0 MB  cpu 0.79
  step  54 B   off/default r +0.221  job 220  ycsb  17145/s  c_idx    607 ns  mem  230.6 MB  cpu 0.79
  step  55 B   off/default r +0.210  job 233  ycsb  17164/s  c_idx    628 ns  mem  233.4 MB  cpu 0.79
  step  56 B   off/default r -0.013  job 232  ycsb  17110/s  c_idx    920 ns  mem  270.4 MB  cpu 0.79
  step  57 B   off/default r +0.111  job 224  ycsb  17187/s  c_idx    678 ns  mem  295.8 MB  cpu 0.79
  step  58 B   off/default r +0.192  job 230  ycsb  16985/s  c_idx    607 ns  mem  298.2 MB  cpu 0.79
  step  59 B   off/default r +0.252  job 231  ycsb  17184/s  c_idx    583 ns  mem  299.5 MB  cpu 0.79
  -> return +11.86, mean reward +0.198, 1 switches, actions {'off/default': 60}

[12/30] arm both, seed 2003, repeat 0: index of 1000000 keys built in 1.04 s
  step   0 A  auto/default r +0.019  job 274  ycsb   2000/s  c_idx    770 ns  mem   24.7 MB  cpu 1.08
  step   1 A  auto/default r -0.004  job 243  ycsb   2000/s  c_idx    788 ns  mem   24.7 MB  cpu 1.06
  step   2 A  auto/default r +0.006  job 280  ycsb   2000/s  c_idx    788 ns  mem   24.7 MB  cpu 1.06
  step   3 A  auto/default r +0.022  job 242  ycsb   2000/s  c_idx    769 ns  mem   24.7 MB  cpu 1.07
  step   4 A  auto/default r +0.003  job 279  ycsb   2000/s  c_idx    791 ns  mem   24.7 MB  cpu 1.06
  step   5 A  auto/default r +0.014  job 240  ycsb   2000/s  c_idx    785 ns  mem   24.7 MB  cpu 1.06
  step   6 A  auto/default r -0.003  job 272  ycsb   2000/s  c_idx    805 ns  mem   24.7 MB  cpu 1.05
  step   7 A  auto/default r +0.000  job 244  ycsb   2000/s  c_idx    809 ns  mem   24.7 MB  cpu 1.05
  step   8 A  auto/default r +0.013  job 279  ycsb   2000/s  c_idx    797 ns  mem   24.7 MB  cpu 1.06
  step   9 A  auto/default r +0.007  job 246  ycsb   2000/s  c_idx    783 ns  mem   24.7 MB  cpu 1.05
  step  10 A  auto/default r +0.024  job 281  ycsb   2000/s  c_idx    781 ns  mem   24.8 MB  cpu 1.07
  step  11 A  auto/default r +0.008  job 251  ycsb   2000/s  c_idx    782 ns  mem   24.8 MB  cpu 1.05
  step  12 A  auto/default r +0.002  job 273  ycsb   2000/s  c_idx    801 ns  mem   24.8 MB  cpu 1.07
  step  13 A  auto/default r +0.012  job 263  ycsb   2000/s  c_idx    804 ns  mem   24.8 MB  cpu 1.06
  step  14 A  auto/default r +0.008  job 263  ycsb   2000/s  c_idx    804 ns  mem   24.9 MB  cpu 1.07
  step  15 A  auto/default r +0.009  job 263  ycsb   2000/s  c_idx    809 ns  mem   24.9 MB  cpu 1.05
  step  16 A  auto/default r -0.006  job 259  ycsb   2000/s  c_idx    830 ns  mem   25.0 MB  cpu 1.06
  step  17 A  auto/default r +0.011  job 264  ycsb   2000/s  c_idx    802 ns  mem   25.2 MB  cpu 1.05
  step  18 A  auto/default r -0.017  job 254  ycsb   2000/s  c_idx    833 ns  mem   25.6 MB  cpu 1.05
  step  19 A  auto/default r -0.123  job 264  ycsb   2000/s  c_idx   1012 ns  mem   29.1 MB  cpu 1.05
  step  20 A  auto/default r -0.052  job 249  ycsb   2000/s  c_idx    884 ns  mem   30.9 MB  cpu 1.05
  step  21 A  auto/default r -0.034  job 266  ycsb   2000/s  c_idx    856 ns  mem   31.4 MB  cpu 1.05
  step  22 A  auto/default r -0.021  job 241  ycsb   2000/s  c_idx    824 ns  mem   31.5 MB  cpu 1.05
  step  23 A  auto/default r -0.021  job 273  ycsb   2000/s  c_idx    837 ns  mem   31.6 MB  cpu 1.06
  step  24 A  auto/default r -0.030  job 239  ycsb   2000/s  c_idx    838 ns  mem   31.7 MB  cpu 1.05
  step  25 A  auto/default r -0.049  job 269  ycsb   2000/s  c_idx    884 ns  mem   31.7 MB  cpu 1.06
  step  26 A  auto/default r -0.020  job 244  ycsb   2000/s  c_idx    834 ns  mem   31.8 MB  cpu 1.05
  step  27 A  auto/default r -0.023  job 274  ycsb   2000/s  c_idx    857 ns  mem   31.8 MB  cpu 1.06
  step  28 A  auto/default r -0.014  job 241  ycsb   2000/s  c_idx    817 ns  mem   31.8 MB  cpu 1.05
  step  29 A  auto/default r -0.026  job 282  ycsb   2000/s  c_idx    861 ns  mem   31.9 MB  cpu 1.05
  step  30 B  auto/default r +0.060  job 148  ycsb  16041/s  c_idx    547 ns  mem   41.1 MB  cpu 0.79
  step  31 B  auto/default r +0.089  job 149  ycsb  16075/s  c_idx    511 ns  mem   44.2 MB  cpu 0.77
  step  32 B  auto/default r +0.025  job 149  ycsb  16115/s  c_idx    581 ns  mem   56.7 MB  cpu 0.78
  step  33 B  auto/default r +0.061  job 149  ycsb  16065/s  c_idx    540 ns  mem   57.9 MB  cpu 0.77
  step  34 B  auto/default r -0.036  job 147  ycsb  15833/s  c_idx    651 ns  mem   73.9 MB  cpu 0.77
  step  35 B  auto/default r +0.040  job 149  ycsb  15877/s  c_idx    566 ns  mem   74.8 MB  cpu 0.78
  step  36 B  auto/default r -0.093  job 149  ycsb  15969/s  c_idx    738 ns  mem   94.5 MB  cpu 0.77
  step  37 B  auto/default r +0.055  job 150  ycsb  15923/s  c_idx    555 ns  mem   97.1 MB  cpu 0.77
  step  38 B  auto/default r +0.050  job 147  ycsb  15989/s  c_idx    562 ns  mem   98.0 MB  cpu 0.77
  step  39 B  auto/default r +0.011  job 148  ycsb  16057/s  c_idx    611 ns  mem  101.8 MB  cpu 0.77
  step  40 B  auto/default r -0.020  job 146  ycsb  15917/s  c_idx    641 ns  mem  126.8 MB  cpu 0.77
  step  41 B  auto/default r +0.051  job 146  ycsb  16100/s  c_idx    563 ns  mem  128.0 MB  cpu 0.77
  step  42 B  auto/default r +0.043  job 150  ycsb  15994/s  c_idx    579 ns  mem  128.9 MB  cpu 0.78
  step  43 B  auto/default r +0.023  job 150  ycsb  15956/s  c_idx    602 ns  mem  130.8 MB  cpu 0.77
  step  44 B  auto/default r -0.132  job 148  ycsb  15726/s  c_idx    800 ns  mem  162.6 MB  cpu 0.77
  step  45 B  auto/default r +0.014  job 147  ycsb  15942/s  c_idx    597 ns  mem  167.6 MB  cpu 0.77
  step  46 B  auto/default r +0.042  job 150  ycsb  15921/s  c_idx    579 ns  mem  168.7 MB  cpu 0.77
  step  47 B  auto/default r +0.033  job 149  ycsb  15976/s  c_idx    582 ns  mem  169.6 MB  cpu 0.78
  step  48 B  auto/default r +0.013  job 147  ycsb  15975/s  c_idx    599 ns  mem  170.8 MB  cpu 0.77
  step  49 B  auto/default r -0.007  job 146  ycsb  16024/s  c_idx    622 ns  mem  173.2 MB  cpu 0.77
  step  50 B  auto/default r -0.236  job 149  ycsb  15886/s  c_idx    984 ns  mem  215.2 MB  cpu 0.77
  step  51 B  auto/default r -0.051  job 150  ycsb  15908/s  c_idx    692 ns  mem  225.1 MB  cpu 0.77
  step  52 B  auto/default r +0.031  job 149  ycsb  15856/s  c_idx    583 ns  mem  226.6 MB  cpu 0.77
  step  53 B  auto/default r +0.024  job 147  ycsb  16090/s  c_idx    584 ns  mem  227.6 MB  cpu 0.77
  step  54 B  auto/default r -0.001  job 148  ycsb  15894/s  c_idx    618 ns  mem  228.5 MB  cpu 0.78
  step  55 B  auto/default r +0.015  job 149  ycsb  15932/s  c_idx    599 ns  mem  229.5 MB  cpu 0.78
  step  56 B  auto/default r -0.004  job 148  ycsb  15886/s  c_idx    622 ns  mem  231.0 MB  cpu 0.77
  step  57 B  auto/default r -0.020  job 148  ycsb  15902/s  c_idx    633 ns  mem  234.2 MB  cpu 0.78
  step  58 B  auto/default r -0.148  job 146  ycsb  15908/s  c_idx    798 ns  mem  277.4 MB  cpu 0.77
  step  59 B  auto/default r -0.004  job 150  ycsb  15983/s  c_idx    629 ns  mem  296.0 MB  cpu 0.78
  -> return -0.36, mean reward -0.006, 0 switches, actions {'auto/default': 60}

[13/30] arm ga, seed 2003, repeat 0: index of 1000000 keys built in 1.04 s
  step   0 A   off/default r +0.157  job 433  ycsb   2000/s  c_idx    844 ns  mem   24.7 MB  cpu 1.06
  step   1 A   off/default r +0.198  job 407  ycsb   2000/s  c_idx    838 ns  mem   24.7 MB  cpu 1.07
  step   2 A   off/default r +0.189  job 392  ycsb   2000/s  c_idx    840 ns  mem   24.7 MB  cpu 1.06
  step   3 A   off/default r +0.160  job 371  ycsb   2000/s  c_idx    862 ns  mem   24.7 MB  cpu 1.06
  step   4 A   off/default r +0.204  job 414  ycsb   2000/s  c_idx    837 ns  mem   24.7 MB  cpu 1.08
  step   5 A   off/default r +0.218  job 426  ycsb   2000/s  c_idx    829 ns  mem   24.7 MB  cpu 1.06
  step   6 A   off/default r +0.198  job 399  ycsb   2000/s  c_idx    841 ns  mem   24.7 MB  cpu 1.09
  step   7 A   off/default r +0.194  job 379  ycsb   2000/s  c_idx    827 ns  mem   24.7 MB  cpu 1.07
  step   8 A   off/default r +0.201  job 391  ycsb   2000/s  c_idx    836 ns  mem   24.7 MB  cpu 1.08
  step   9 A   off/default r +0.211  job 417  ycsb   2000/s  c_idx    829 ns  mem   24.8 MB  cpu 1.07
  step  10 A   off/default r +0.203  job 406  ycsb   2000/s  c_idx    840 ns  mem   24.8 MB  cpu 1.10
  step  11 A   off/default r +0.188  job 406  ycsb   2000/s  c_idx    855 ns  mem   24.8 MB  cpu 1.07
  step  12 A   off/default r +0.172  job 392  ycsb   2000/s  c_idx    870 ns  mem   24.8 MB  cpu 1.06
  step  13 A   off/default r +0.203  job 429  ycsb   2000/s  c_idx    854 ns  mem   24.9 MB  cpu 1.08
  step  14 A   off/default r +0.191  job 413  ycsb   2000/s  c_idx    859 ns  mem   24.9 MB  cpu 1.09
  step  15 A   off/default r +0.184  job 379  ycsb   2000/s  c_idx    836 ns  mem   25.0 MB  cpu 1.08
  step  16 A   off/default r +0.162  job 369  ycsb   2000/s  c_idx    860 ns  mem   25.1 MB  cpu 1.06
  step  17 A   off/default r +0.186  job 412  ycsb   2000/s  c_idx    870 ns  mem   25.3 MB  cpu 1.08
  step  18 A   off/default r +0.153  job 412  ycsb   2000/s  c_idx    912 ns  mem   26.3 MB  cpu 1.07
  step  19 A   off/default r +0.073  job 399  ycsb   2000/s  c_idx   1040 ns  mem   30.1 MB  cpu 1.08
  step  20 A   off/default r +0.138  job 382  ycsb   2000/s  c_idx    914 ns  mem   31.2 MB  cpu 1.09
  step  21 A   off/default r +0.119  job 388  ycsb   2000/s  c_idx    951 ns  mem   31.5 MB  cpu 1.07
  step  22 A   off/default r +0.179  job 426  ycsb   2000/s  c_idx    885 ns  mem   31.6 MB  cpu 1.09
  step  23 A   off/default r +0.170  job 407  ycsb   2000/s  c_idx    889 ns  mem   31.7 MB  cpu 1.09
  step  24 A   off/default r +0.152  job 393  ycsb   2000/s  c_idx    905 ns  mem   31.7 MB  cpu 1.06
  step  25 A   off/default r +0.152  job 382  ycsb   2000/s  c_idx    892 ns  mem   31.8 MB  cpu 1.08
  step  26 A   off/default r +0.181  job 412  ycsb   2000/s  c_idx    885 ns  mem   31.8 MB  cpu 1.09
  step  27 A   off/default r +0.179  job 414  ycsb   2000/s  c_idx    876 ns  mem   31.8 MB  cpu 1.06
  step  28 A   off/default r +0.171  job 397  ycsb   2000/s  c_idx    884 ns  mem   31.9 MB  cpu 1.09
  step  29 A   off/default r +0.155  job 382  ycsb   2000/s  c_idx    893 ns  mem   31.9 MB  cpu 1.09
  step  30 B   off/default r +0.239  job 233  ycsb  16930/s  c_idx    595 ns  mem   41.3 MB  cpu 0.80
  step  31 B   off/default r +0.342  job 230  ycsb  17236/s  c_idx    489 ns  mem   42.5 MB  cpu 0.79
  step  32 B   off/default r +0.290  job 219  ycsb  17200/s  c_idx    534 ns  mem   54.8 MB  cpu 0.79
  step  33 B   off/default r +0.210  job 238  ycsb  17194/s  c_idx    586 ns  mem   67.3 MB  cpu 0.79
  step  34 B   off/default r +0.316  job 232  ycsb  17187/s  c_idx    519 ns  mem   72.1 MB  cpu 0.79
  step  35 B   off/default r +0.293  job 228  ycsb  17265/s  c_idx    534 ns  mem   73.5 MB  cpu 0.79
  step  36 B   off/default r +0.205  job 239  ycsb  17208/s  c_idx    635 ns  mem   94.4 MB  cpu 0.79
  step  37 B   off/default r +0.297  job 229  ycsb  17211/s  c_idx    532 ns  mem   95.5 MB  cpu 0.79
  step  38 B   off/default r +0.259  job 227  ycsb  17097/s  c_idx    566 ns  mem   99.1 MB  cpu 0.79
  step  39 B   off/default r +0.116  job 244  ycsb  17051/s  c_idx    706 ns  mem  126.1 MB  cpu 0.79
  step  40 B   off/default r +0.254  job 221  ycsb  17071/s  c_idx    577 ns  mem  127.7 MB  cpu 0.79
  step  41 B   off/default r +0.271  job 227  ycsb  17245/s  c_idx    558 ns  mem  128.7 MB  cpu 0.79
  step  42 B   off/default r +0.255  job 235  ycsb  17196/s  c_idx    584 ns  mem  131.7 MB  cpu 0.79
  step  43 B   off/default r +0.055  job 222  ycsb  17143/s  c_idx    776 ns  mem  162.7 MB  cpu 0.79
  step  44 B   off/default r +0.259  job 234  ycsb  17243/s  c_idx    561 ns  mem  167.6 MB  cpu 0.79
  step  45 B   off/default r +0.278  job 230  ycsb  17243/s  c_idx    559 ns  mem  168.7 MB  cpu 0.79
  step  46 B   off/default r +0.257  job 222  ycsb  17201/s  c_idx    573 ns  mem  169.7 MB  cpu 0.79
  step  47 B   off/default r +0.251  job 243  ycsb  17192/s  c_idx    590 ns  mem  171.1 MB  cpu 0.79
  step  48 B   off/default r +0.180  job 230  ycsb  17201/s  c_idx    656 ns  mem  183.5 MB  cpu 0.79
  step  49 B   off/default r +0.085  job 226  ycsb  17047/s  c_idx    714 ns  mem  223.0 MB  cpu 0.79
  step  50 B   off/default r +0.228  job 235  ycsb  17175/s  c_idx    589 ns  mem  225.9 MB  cpu 0.79
  step  51 B   off/default r +0.264  job 229  ycsb  17120/s  c_idx    565 ns  mem  227.0 MB  cpu 0.79
  step  52 B   off/default r +0.251  job 228  ycsb  17124/s  c_idx    575 ns  mem  227.9 MB  cpu 0.79
  step  53 B   off/default r +0.253  job 243  ycsb  17113/s  c_idx    583 ns  mem  228.9 MB  cpu 0.79
  step  54 B   off/default r +0.233  job 223  ycsb  17194/s  c_idx    600 ns  mem  230.5 MB  cpu 0.79
  step  55 B   off/default r +0.180  job 226  ycsb  17238/s  c_idx    651 ns  mem  236.2 MB  cpu 0.79
  step  56 B   off/default r +0.114  job 240  ycsb  17160/s  c_idx    708 ns  mem  273.6 MB  cpu 0.79
  step  57 B   off/default r +0.155  job 222  ycsb  17149/s  c_idx    625 ns  mem  295.8 MB  cpu 0.79
  step  58 B   off/default r +0.226  job 235  ycsb  17106/s  c_idx    574 ns  mem  298.0 MB  cpu 0.79
  step  59 B   off/default r +0.233  job 227  ycsb  16965/s  c_idx    590 ns  mem  299.3 MB  cpu 0.79
  -> return +12.09, mean reward +0.202, 1 switches, actions {'off/default': 60}

[14/30] arm none, seed 2003, repeat 0: index of 1000000 keys built in 1.05 s
  step   0 A   off/default r +0.151  job 433  ycsb   2000/s  c_idx    857 ns  mem   24.7 MB  cpu 1.07
  step   1 A   off/default r +0.235  job 411  ycsb   2000/s  c_idx    783 ns  mem   24.7 MB  cpu 1.06
  step   2 A   off/default r +0.206  job 382  ycsb   2000/s  c_idx    795 ns  mem   24.7 MB  cpu 1.07
  step   3 A   off/default r +0.220  job 376  ycsb   2000/s  c_idx    766 ns  mem   24.7 MB  cpu 1.07
  step   4 A   off/default r +0.192  job 401  ycsb   2000/s  c_idx    848 ns  mem   24.7 MB  cpu 1.09
  step   5 A   off/default r +0.143  job 439  ycsb   2000/s  c_idx    943 ns  mem   26.7 MB  cpu 1.08
  step   6 A   off/default r +0.184  job 400  ycsb   2000/s  c_idx    834 ns  mem   26.7 MB  cpu 1.06
  step   7 A   off/default r +0.128  job 383  ycsb   2000/s  c_idx    895 ns  mem   26.7 MB  cpu 1.07
  step   8 A   off/default r +0.151  job 401  ycsb   2000/s  c_idx    887 ns  mem   26.7 MB  cpu 1.07
  step   9 A   off/default r +0.175  job 437  ycsb   2000/s  c_idx    878 ns  mem   26.7 MB  cpu 1.07
  step  10 A   off/default r +0.158  job 405  ycsb   2000/s  c_idx    876 ns  mem   26.8 MB  cpu 1.08
  step  11 A   off/default r +0.146  job 385  ycsb   2000/s  c_idx    875 ns  mem   26.8 MB  cpu 1.07
  step  12 A   off/default r +0.148  job 373  ycsb   2000/s  c_idx    868 ns  mem   26.8 MB  cpu 1.06
  step  13 A   off/default r +0.169  job 428  ycsb   2000/s  c_idx    887 ns  mem   26.9 MB  cpu 1.10
  step  14 A   off/default r +0.170  job 415  ycsb   2000/s  c_idx    879 ns  mem   26.9 MB  cpu 1.06
  step  15 A   off/default r +0.132  job 381  ycsb   2000/s  c_idx    897 ns  mem   27.0 MB  cpu 1.09
  step  16 A   off/default r +0.128  job 377  ycsb   2000/s  c_idx    898 ns  mem   27.1 MB  cpu 1.08
  step  17 A   off/default r +0.159  job 413  ycsb   2000/s  c_idx    889 ns  mem   27.3 MB  cpu 1.09
  step  18 A   off/default r +0.125  job 431  ycsb   2000/s  c_idx    953 ns  mem   28.6 MB  cpu 1.07
  step  19 A   off/default r +0.123  job 398  ycsb   2000/s  c_idx    910 ns  mem   32.1 MB  cpu 1.07
  step  20 A   off/default r +0.107  job 377  ycsb   2000/s  c_idx    936 ns  mem   33.2 MB  cpu 1.10
  step  21 A   off/default r +0.133  job 374  ycsb   2000/s  c_idx    897 ns  mem   33.5 MB  cpu 1.08
  step  22 A   off/default r +0.148  job 417  ycsb   2000/s  c_idx    919 ns  mem   33.6 MB  cpu 1.08
  step  23 A   off/default r +0.139  job 411  ycsb   2000/s  c_idx    928 ns  mem   33.6 MB  cpu 1.08
  step  24 A   off/default r +0.133  job 388  ycsb   2000/s  c_idx    912 ns  mem   33.7 MB  cpu 1.10
  step  25 A   off/default r +0.105  job 375  ycsb   2000/s  c_idx    934 ns  mem   33.8 MB  cpu 1.07
  step  26 A   off/default r +0.144  job 405  ycsb   2000/s  c_idx    902 ns  mem   33.8 MB  cpu 1.10
  step  27 A   off/default r +0.161  job 425  ycsb   2000/s  c_idx    896 ns  mem   33.8 MB  cpu 1.07
  step  28 A   off/default r +0.132  job 396  ycsb   2000/s  c_idx    920 ns  mem   33.9 MB  cpu 1.08
  step  29 A   off/default r +0.123  job 387  ycsb   2000/s  c_idx    916 ns  mem   33.9 MB  cpu 1.08
  step  30 B   off/default r +0.279  job 236  ycsb  17257/s  c_idx    539 ns  mem   43.3 MB  cpu 0.80
  step  31 B   off/default r +0.318  job 230  ycsb  17206/s  c_idx    502 ns  mem   44.6 MB  cpu 0.79
  step  32 B   off/default r +0.229  job 219  ycsb  17170/s  c_idx    592 ns  mem   56.9 MB  cpu 0.79
  step  33 B   off/default r +0.190  job 237  ycsb  17204/s  c_idx    590 ns  mem   70.2 MB  cpu 0.79
  step  34 B   off/default r +0.289  job 230  ycsb  17200/s  c_idx    536 ns  mem   74.2 MB  cpu 0.79
  step  35 B   off/default r +0.231  job 224  ycsb  16856/s  c_idx    579 ns  mem   75.6 MB  cpu 0.79
  step  36 B   off/default r +0.185  job 242  ycsb  17133/s  c_idx    660 ns  mem   96.4 MB  cpu 0.79
  step  37 B   off/default r +0.279  job 225  ycsb  17140/s  c_idx    539 ns  mem   97.5 MB  cpu 0.79
  step  38 B   off/default r +0.259  job 227  ycsb  17245/s  c_idx    566 ns  mem   99.1 MB  cpu 0.79
  step  39 B   off/default r +0.138  job 243  ycsb  17134/s  c_idx    677 ns  mem  126.1 MB  cpu 0.79
  step  40 B   off/default r +0.279  job 220  ycsb  17246/s  c_idx    549 ns  mem  127.8 MB  cpu 0.79
  step  41 B   off/default r +0.268  job 234  ycsb  17205/s  c_idx    560 ns  mem  128.8 MB  cpu 0.79
  step  42 B   off/default r +0.242  job 229  ycsb  17253/s  c_idx    592 ns  mem  130.5 MB  cpu 0.79
  step  43 B   off/default r +0.115  job 221  ycsb  17086/s  c_idx    689 ns  mem  162.8 MB  cpu 0.79
  step  44 B   off/default r +0.246  job 237  ycsb  17186/s  c_idx    577 ns  mem  167.7 MB  cpu 0.79
  step  45 B   off/default r +0.261  job 232  ycsb  17064/s  c_idx    582 ns  mem  168.8 MB  cpu 0.79
  step  46 B   off/default r +0.256  job 225  ycsb  17205/s  c_idx    574 ns  mem  169.8 MB  cpu 0.79
  step  47 B   off/default r +0.239  job 236  ycsb  17147/s  c_idx    596 ns  mem  171.1 MB  cpu 0.79
  step  48 B   off/default r +0.032  job 231  ycsb  17126/s  c_idx    884 ns  mem  183.5 MB  cpu 0.79
  step  49 B   off/default r +0.006  job 229  ycsb  17156/s  c_idx    842 ns  mem  223.0 MB  cpu 0.79
  step  50 B   off/default r +0.232  job 241  ycsb  17151/s  c_idx    588 ns  mem  226.0 MB  cpu 0.79
  step  51 B   off/default r +0.251  job 226  ycsb  17114/s  c_idx    577 ns  mem  227.1 MB  cpu 0.79
  step  52 B   off/default r +0.239  job 227  ycsb  17132/s  c_idx    583 ns  mem  228.1 MB  cpu 0.79
  step  53 B   off/default r +0.249  job 238  ycsb  17111/s  c_idx    591 ns  mem  229.0 MB  cpu 0.79
  step  54 B   off/default r +0.210  job 220  ycsb  17038/s  c_idx    616 ns  mem  230.5 MB  cpu 0.79
  step  55 B   off/default r +0.203  job 234  ycsb  17094/s  c_idx    630 ns  mem  235.6 MB  cpu 0.79
  step  56 B   off/default r +0.012  job 231  ycsb  17064/s  c_idx    866 ns  mem  272.2 MB  cpu 0.79
  step  57 B   off/default r -0.105  job 219  ycsb  17085/s  c_idx   1046 ns  mem  295.9 MB  cpu 0.79
  step  58 B   off/default r +0.218  job 237  ycsb  17115/s  c_idx    587 ns  mem  298.3 MB  cpu 0.79
  step  59 B   off/default r +0.258  job 231  ycsb  17161/s  c_idx    577 ns  mem  299.5 MB  cpu 0.79
  -> return +10.67, mean reward +0.178, 1 switches, actions {'off/default': 60}

[15/30] arm nqo, seed 2003, repeat 0: index of 1000000 keys built in 1.04 s
  step   0 A  auto/default r -0.001  job 275  ycsb   1999/s  c_idx    798 ns  mem   24.7 MB  cpu 1.04
  step   1 A  auto/default r +0.006  job 240  ycsb   2000/s  c_idx    777 ns  mem   24.7 MB  cpu 1.07
  step   2 A  auto/default r -0.010  job 272  ycsb   2000/s  c_idx    794 ns  mem   24.7 MB  cpu 1.06
  step   3 A  auto/default r -0.002  job 246  ycsb   2000/s  c_idx    803 ns  mem   24.7 MB  cpu 1.05
  step   4 A  auto/default r +0.004  job 278  ycsb   2000/s  c_idx    794 ns  mem   24.7 MB  cpu 1.03
  step   5 A  auto/default r +0.021  job 249  ycsb   2000/s  c_idx    787 ns  mem   24.7 MB  cpu 1.06
  step   6 A  auto/default r +0.004  job 267  ycsb   2000/s  c_idx    807 ns  mem   24.7 MB  cpu 1.05
  step   7 A  auto/default r +0.005  job 255  ycsb   2000/s  c_idx    798 ns  mem   24.7 MB  cpu 1.04
  step   8 A  auto/default r +0.001  job 261  ycsb   2000/s  c_idx    800 ns  mem   24.8 MB  cpu 1.06
  step   9 A  auto/default r +0.014  job 266  ycsb   2000/s  c_idx    790 ns  mem   24.8 MB  cpu 1.06
  step  10 A  auto/default r -0.011  job 258  ycsb   2000/s  c_idx    809 ns  mem   24.8 MB  cpu 1.04
  step  11 A  auto/default r +0.010  job 274  ycsb   2000/s  c_idx    810 ns  mem   24.8 MB  cpu 1.05
  step  12 A  auto/default r -0.034  job 252  ycsb   2000/s  c_idx    838 ns  mem   24.8 MB  cpu 1.06
  step  13 A  auto/default r -0.004  job 274  ycsb   2000/s  c_idx    823 ns  mem   24.9 MB  cpu 1.05
  step  14 A  auto/default r -0.039  job 256  ycsb   2000/s  c_idx    819 ns  mem   26.9 MB  cpu 1.07
  step  15 A  auto/default r -0.037  job 271  ycsb   2000/s  c_idx    848 ns  mem   27.0 MB  cpu 1.05
  step  16 A  auto/default r -0.037  job 251  ycsb   2000/s  c_idx    830 ns  mem   27.0 MB  cpu 1.05
  step  17 A  auto/default r -0.050  job 261  ycsb   2000/s  c_idx    859 ns  mem   27.1 MB  cpu 1.05
  step  18 A  auto/default r -0.056  job 247  ycsb   2000/s  c_idx    848 ns  mem   27.7 MB  cpu 1.06
  step  19 A  auto/default r -0.134  job 267  ycsb   2000/s  c_idx   1017 ns  mem   30.7 MB  cpu 1.07
  step  20 A  auto/default r -0.075  job 247  ycsb   2000/s  c_idx    885 ns  mem   33.0 MB  cpu 1.05
  step  21 A  auto/default r -0.055  job 267  ycsb   2000/s  c_idx    878 ns  mem   33.4 MB  cpu 1.07
  step  22 A  auto/default r -0.065  job 245  ycsb   2000/s  c_idx    882 ns  mem   33.5 MB  cpu 1.05
  step  23 A  auto/default r -0.055  job 265  ycsb   2000/s  c_idx    868 ns  mem   33.6 MB  cpu 1.06
  step  24 A  auto/default r -0.048  job 247  ycsb   2000/s  c_idx    868 ns  mem   33.7 MB  cpu 1.07
  step  25 A  auto/default r -0.059  job 271  ycsb   1999/s  c_idx    877 ns  mem   33.7 MB  cpu 1.05
  step  26 A  auto/default r -0.055  job 249  ycsb   2000/s  c_idx    873 ns  mem   33.8 MB  cpu 1.06
  step  27 A  auto/default r -0.063  job 275  ycsb   2000/s  c_idx    876 ns  mem   33.8 MB  cpu 1.05
  step  28 A  auto/default r -0.058  job 240  ycsb   2000/s  c_idx    879 ns  mem   33.8 MB  cpu 1.04
  step  29 A  auto/default r -0.068  job 272  ycsb   2000/s  c_idx    874 ns  mem   33.9 MB  cpu 1.06
  step  30 B  auto/default r +0.045  job 148  ycsb  16012/s  c_idx    546 ns  mem   43.1 MB  cpu 0.79
  step  31 B  auto/default r +0.053  job 147  ycsb  15966/s  c_idx    539 ns  mem   44.2 MB  cpu 0.77
  step  32 B  auto/default r -0.007  job 149  ycsb  16034/s  c_idx    619 ns  mem   56.7 MB  cpu 0.78
  step  33 B  auto/default r +0.057  job 144  ycsb  16102/s  c_idx    533 ns  mem   58.0 MB  cpu 0.77
  step  34 B  auto/default r -0.005  job 147  ycsb  16012/s  c_idx    609 ns  mem   73.8 MB  cpu 0.77
  step  35 B  auto/default r +0.055  job 148  ycsb  16196/s  c_idx    542 ns  mem   74.8 MB  cpu 0.77
  step  36 B  auto/default r -0.073  job 149  ycsb  16060/s  c_idx    704 ns  mem   95.3 MB  cpu 0.77
  step  37 B  auto/default r +0.059  job 149  ycsb  15945/s  c_idx    543 ns  mem   97.1 MB  cpu 0.77
  step  38 B  auto/default r +0.046  job 147  ycsb  16111/s  c_idx    557 ns  mem   98.1 MB  cpu 0.77
  step  39 B  auto/default r +0.004  job 148  ycsb  16105/s  c_idx    612 ns  mem  104.8 MB  cpu 0.77
  step  40 B  auto/default r -0.011  job 148  ycsb  16035/s  c_idx    632 ns  mem  126.9 MB  cpu 0.77
  step  41 B  auto/default r +0.030  job 146  ycsb  15824/s  c_idx    582 ns  mem  128.0 MB  cpu 0.77
  step  42 B  auto/default r +0.043  job 148  ycsb  16147/s  c_idx    568 ns  mem  129.0 MB  cpu 0.77
  step  43 B  auto/default r +0.023  job 147  ycsb  15949/s  c_idx    598 ns  mem  130.9 MB  cpu 0.77
  step  44 B  auto/default r -0.214  job 149  ycsb  15848/s  c_idx    946 ns  mem  164.1 MB  cpu 0.77
  step  45 B  auto/default r +0.052  job 150  ycsb  16132/s  c_idx    567 ns  mem  167.7 MB  cpu 0.78
  step  46 B  auto/default r +0.049  job 149  ycsb  16038/s  c_idx    567 ns  mem  168.8 MB  cpu 0.77
  step  47 B  auto/default r +0.037  job 148  ycsb  15899/s  c_idx    577 ns  mem  169.6 MB  cpu 0.77
  step  48 B  auto/default r +0.030  job 148  ycsb  16035/s  c_idx    586 ns  mem  170.9 MB  cpu 0.77
  step  49 B  auto/default r -0.192  job 147  ycsb  15961/s  c_idx    899 ns  mem  179.5 MB  cpu 0.77
  step  50 B  auto/default r -0.069  job 149  ycsb  15960/s  c_idx    698 ns  mem  217.8 MB  cpu 0.77
  step  51 B  auto/default r +0.013  job 148  ycsb  15994/s  c_idx    595 ns  mem  225.2 MB  cpu 0.78
  step  52 B  auto/default r +0.037  job 150  ycsb  15899/s  c_idx    580 ns  mem  226.7 MB  cpu 0.77
  step  53 B  auto/default r +0.033  job 147  ycsb  16123/s  c_idx    577 ns  mem  227.6 MB  cpu 0.77
  step  54 B  auto/default r +0.032  job 150  ycsb  16110/s  c_idx    586 ns  mem  228.6 MB  cpu 0.77
  step  55 B  auto/default r +0.017  job 148  ycsb  15888/s  c_idx    595 ns  mem  229.6 MB  cpu 0.77
  step  56 B  auto/default r +0.002  job 149  ycsb  15965/s  c_idx    617 ns  mem  231.2 MB  cpu 0.77
  step  57 B  auto/default r -0.030  job 147  ycsb  16076/s  c_idx    647 ns  mem  238.8 MB  cpu 0.77
  step  58 B  auto/default r -0.096  job 148  ycsb  15985/s  c_idx    724 ns  mem  283.0 MB  cpu 0.77
  step  59 B  auto/default r -0.004  job 149  ycsb  15984/s  c_idx    627 ns  mem  296.2 MB  cpu 0.78
  -> return -0.94, mean reward -0.016, 0 switches, actions {'auto/default': 60}

[16/30] arm both, seed 2001, repeat 1: index of 1000000 keys built in 1.04 s
  step   0 A  auto/default r +0.002  job 255  ycsb   2000/s  c_idx    773 ns  mem   24.7 MB  cpu 1.06
  step   1 A  auto/default r +0.004  job 263  ycsb   2000/s  c_idx    794 ns  mem   24.7 MB  cpu 1.05
  step   2 A  auto/default r -0.021  job 251  ycsb   1999/s  c_idx    793 ns  mem   24.7 MB  cpu 1.04
  step   3 A  auto/default r +0.003  job 262  ycsb   2000/s  c_idx    797 ns  mem   24.7 MB  cpu 1.05
  step   4 A  auto/default r +0.004  job 256  ycsb   2000/s  c_idx    781 ns  mem   24.7 MB  cpu 1.04
  step   5 A  auto/default r +0.019  job 260  ycsb   2000/s  c_idx    792 ns  mem   24.7 MB  cpu 1.06
  step   6 A  auto/default r +0.021  job 259  ycsb   2000/s  c_idx    778 ns  mem   24.7 MB  cpu 1.06
  step   7 A  auto/default r +0.017  job 258  ycsb   2000/s  c_idx    796 ns  mem   24.7 MB  cpu 1.05
  step   8 A  auto/default r +0.011  job 268  ycsb   2000/s  c_idx    793 ns  mem   24.7 MB  cpu 1.07
  step   9 A  auto/default r +0.004  job 260  ycsb   2000/s  c_idx    803 ns  mem   24.7 MB  cpu 1.07
  step  10 A  auto/default r +0.011  job 270  ycsb   2000/s  c_idx    797 ns  mem   24.8 MB  cpu 1.06
  step  11 A  auto/default r +0.013  job 261  ycsb   2000/s  c_idx    805 ns  mem   24.8 MB  cpu 1.06
  step  12 A  auto/default r -0.009  job 269  ycsb   2000/s  c_idx    820 ns  mem   24.8 MB  cpu 1.06
  step  13 A  auto/default r -0.001  job 260  ycsb   2000/s  c_idx    812 ns  mem   24.8 MB  cpu 1.07
  step  14 A  auto/default r +0.009  job 273  ycsb   2000/s  c_idx    800 ns  mem   24.9 MB  cpu 1.05
  step  15 A  auto/default r +0.012  job 261  ycsb   2000/s  c_idx    806 ns  mem   24.9 MB  cpu 1.06
  step  16 A  auto/default r -0.006  job 271  ycsb   1999/s  c_idx    832 ns  mem   25.0 MB  cpu 1.05
  step  17 A  auto/default r +0.003  job 255  ycsb   2000/s  c_idx    816 ns  mem   25.2 MB  cpu 1.06
  step  18 A  auto/default r -0.031  job 266  ycsb   2000/s  c_idx    861 ns  mem   25.8 MB  cpu 1.06
  step  19 A  auto/default r -0.058  job 243  ycsb   2000/s  c_idx    867 ns  mem   29.1 MB  cpu 1.05
  step  20 A  auto/default r -0.045  job 262  ycsb   2000/s  c_idx    874 ns  mem   30.9 MB  cpu 1.06
  step  21 A  auto/default r -0.035  job 253  ycsb   2000/s  c_idx    852 ns  mem   31.3 MB  cpu 1.05
  step  22 A  auto/default r -0.021  job 259  ycsb   2001/s  c_idx    839 ns  mem   31.5 MB  cpu 1.06
  step  23 A  auto/default r -0.035  job 247  ycsb   2000/s  c_idx    840 ns  mem   31.6 MB  cpu 1.05
  step  24 A  auto/default r -0.027  job 258  ycsb   2000/s  c_idx    849 ns  mem   31.7 MB  cpu 1.04
  step  25 A  auto/default r -0.035  job 254  ycsb   2000/s  c_idx    842 ns  mem   31.7 MB  cpu 1.06
  step  26 A  auto/default r -0.027  job 261  ycsb   2001/s  c_idx    856 ns  mem   31.7 MB  cpu 1.06
  step  27 A  auto/default r -0.069  job 258  ycsb   2000/s  c_idx    881 ns  mem   31.8 MB  cpu 1.05
  step  28 A  auto/default r -0.035  job 252  ycsb   2000/s  c_idx    858 ns  mem   31.8 MB  cpu 1.06
  step  29 A  auto/default r -0.028  job 269  ycsb   1999/s  c_idx    846 ns  mem   31.8 MB  cpu 1.05
  step  30 B  auto/default r +0.087  job 151  ycsb  16061/s  c_idx    538 ns  mem   41.0 MB  cpu 0.81
  step  31 B  auto/default r +0.112  job 149  ycsb  16047/s  c_idx    501 ns  mem   42.2 MB  cpu 0.78
  step  32 B  auto/default r +0.050  job 148  ycsb  16117/s  c_idx    562 ns  mem   54.7 MB  cpu 0.77
  step  33 B  auto/default r +0.081  job 149  ycsb  16063/s  c_idx    531 ns  mem   55.9 MB  cpu 0.78
  step  34 B  auto/default r +0.050  job 145  ycsb  16059/s  c_idx    559 ns  mem   71.8 MB  cpu 0.78
  step  35 B  auto/default r +0.069  job 149  ycsb  15903/s  c_idx    540 ns  mem   72.8 MB  cpu 0.77
  step  36 B  auto/default r -0.103  job 149  ycsb  16113/s  c_idx    759 ns  mem   93.3 MB  cpu 0.77
  step  37 B  auto/default r +0.039  job 149  ycsb  15751/s  c_idx    568 ns  mem   95.0 MB  cpu 0.77
  step  38 B  auto/default r +0.056  job 146  ycsb  15997/s  c_idx    552 ns  mem   98.0 MB  cpu 0.77
  step  39 B  auto/default r +0.024  job 149  ycsb  16059/s  c_idx    592 ns  mem  104.5 MB  cpu 0.78
  step  40 B  auto/default r -0.042  job 147  ycsb  15960/s  c_idx    674 ns  mem  126.8 MB  cpu 0.77
  step  41 B  auto/default r +0.054  job 146  ycsb  16104/s  c_idx    556 ns  mem  128.0 MB  cpu 0.77
  step  42 B  auto/default r +0.022  job 146  ycsb  15856/s  c_idx    580 ns  mem  128.9 MB  cpu 0.77
  step  43 B  auto/default r +0.026  job 148  ycsb  15958/s  c_idx    590 ns  mem  130.7 MB  cpu 0.77
  step  44 B  auto/default r -0.128  job 149  ycsb  15851/s  c_idx    798 ns  mem  163.0 MB  cpu 0.77
  step  45 B  auto/default r +0.053  job 147  ycsb  16058/s  c_idx    560 ns  mem  167.8 MB  cpu 0.77
  step  46 B  auto/default r +0.033  job 147  ycsb  15961/s  c_idx    570 ns  mem  168.9 MB  cpu 0.77
  step  47 B  auto/default r +0.017  job 147  ycsb  15819/s  c_idx    590 ns  mem  169.8 MB  cpu 0.77
  step  48 B  auto/default r +0.031  job 145  ycsb  16023/s  c_idx    580 ns  mem  171.1 MB  cpu 0.77
  step  49 B  auto/default r +0.015  job 149  ycsb  15850/s  c_idx    611 ns  mem  173.5 MB  cpu 0.77
  step  50 B  auto/default r -0.241  job 146  ycsb  15858/s  c_idx    990 ns  mem  212.2 MB  cpu 0.77
  step  51 B  auto/default r +0.016  job 148  ycsb  15940/s  c_idx    606 ns  mem  221.2 MB  cpu 0.77
  step  52 B  auto/default r +0.035  job 148  ycsb  15981/s  c_idx    579 ns  mem  222.8 MB  cpu 0.77
  step  53 B  auto/default r +0.034  job 148  ycsb  15853/s  c_idx    581 ns  mem  223.9 MB  cpu 0.77
  step  54 B  auto/default r +0.038  job 149  ycsb  15962/s  c_idx    583 ns  mem  224.8 MB  cpu 0.78
  step  55 B  auto/default r +0.018  job 147  ycsb  15820/s  c_idx    598 ns  mem  225.7 MB  cpu 0.77
  step  56 B  auto/default r +0.023  job 150  ycsb  15887/s  c_idx    602 ns  mem  227.2 MB  cpu 0.78
  step  57 B  auto/default r -0.033  job 148  ycsb  15846/s  c_idx    661 ns  mem  231.1 MB  cpu 0.77
  step  58 B  auto/default r -0.115  job 150  ycsb  15729/s  c_idx    774 ns  mem  274.5 MB  cpu 0.77
  step  59 B  auto/default r +0.014  job 146  ycsb  15967/s  c_idx    605 ns  mem  292.1 MB  cpu 0.78
  -> return -0.02, mean reward -0.000, 0 switches, actions {'auto/default': 60}

[17/30] arm ga, seed 2001, repeat 1: index of 1000000 keys built in 1.04 s
  step   0 A   off/default r +0.126  job 390  ycsb   2000/s  c_idx    842 ns  mem   24.7 MB  cpu 1.07
  step   1 A   off/default r +0.176  job 397  ycsb   2000/s  c_idx    845 ns  mem   24.7 MB  cpu 1.07
  step   2 A   off/default r +0.206  job 408  ycsb   2000/s  c_idx    830 ns  mem   24.7 MB  cpu 1.09
  step   3 A   off/default r +0.197  job 392  ycsb   2000/s  c_idx    835 ns  mem   24.7 MB  cpu 1.09
  step   4 A   off/default r +0.182  job 393  ycsb   2000/s  c_idx    845 ns  mem   24.7 MB  cpu 1.07
  step   5 A   off/default r +0.169  job 388  ycsb   2000/s  c_idx    863 ns  mem   24.7 MB  cpu 1.08
  step   6 A   off/default r +0.203  job 415  ycsb   2000/s  c_idx    844 ns  mem   24.7 MB  cpu 1.08
  step   7 A   off/default r +0.212  job 406  ycsb   2000/s  c_idx    845 ns  mem   24.7 MB  cpu 1.08
  step   8 A   off/default r +0.194  job 394  ycsb   2000/s  c_idx    839 ns  mem   24.7 MB  cpu 1.08
  step   9 A   off/default r +0.190  job 391  ycsb   2000/s  c_idx    839 ns  mem   24.8 MB  cpu 1.08
  step  10 A   off/default r +0.189  job 404  ycsb   2000/s  c_idx    848 ns  mem   24.8 MB  cpu 1.07
  step  11 A   off/default r +0.197  job 410  ycsb   2000/s  c_idx    856 ns  mem   24.8 MB  cpu 1.08
  step  12 A   off/default r +0.169  job 394  ycsb   2000/s  c_idx    852 ns  mem   26.8 MB  cpu 1.06
  step  13 A   off/default r +0.143  job 388  ycsb   2000/s  c_idx    872 ns  mem   26.8 MB  cpu 1.07
  step  14 A   off/default r +0.139  job 400  ycsb   2000/s  c_idx    896 ns  mem   26.9 MB  cpu 1.05
  step  15 A   off/default r +0.125  job 398  ycsb   2000/s  c_idx    940 ns  mem   26.9 MB  cpu 1.09
  step  16 A   off/default r +0.152  job 394  ycsb   2000/s  c_idx    877 ns  mem   27.1 MB  cpu 1.07
  step  17 A   off/default r +0.134  job 381  ycsb   2000/s  c_idx    888 ns  mem   27.4 MB  cpu 1.09
  step  18 A   off/default r +0.086  job 391  ycsb   2000/s  c_idx    967 ns  mem   28.9 MB  cpu 1.10
  step  19 A   off/default r +0.059  job 419  ycsb   2000/s  c_idx   1038 ns  mem   32.4 MB  cpu 1.06
  step  20 A   off/default r +0.136  job 392  ycsb   2000/s  c_idx    920 ns  mem   33.2 MB  cpu 1.07
  step  21 A   off/default r +0.149  job 405  ycsb   2000/s  c_idx    894 ns  mem   33.5 MB  cpu 1.09
  step  22 A   off/default r +0.145  job 399  ycsb   2000/s  c_idx    898 ns  mem   33.6 MB  cpu 1.09
  step  23 A   off/default r +0.124  job 414  ycsb   2000/s  c_idx    931 ns  mem   33.6 MB  cpu 1.07
  step  24 A   off/default r +0.141  job 393  ycsb   2000/s  c_idx    913 ns  mem   33.7 MB  cpu 1.06
  step  25 A   off/default r +0.133  job 393  ycsb   2000/s  c_idx    905 ns  mem   33.8 MB  cpu 1.09
  step  26 A   off/default r +0.132  job 386  ycsb   2000/s  c_idx    909 ns  mem   33.8 MB  cpu 1.08
  step  27 A   off/default r +0.137  job 410  ycsb   2000/s  c_idx    918 ns  mem   33.8 MB  cpu 1.09
  step  28 A   off/default r +0.147  job 406  ycsb   2000/s  c_idx    915 ns  mem   33.9 MB  cpu 1.08
  step  29 A   off/default r +0.145  job 392  ycsb   2000/s  c_idx    905 ns  mem   33.9 MB  cpu 1.08
  step  30 B   off/default r +0.284  job 225  ycsb  17206/s  c_idx    520 ns  mem   43.3 MB  cpu 0.81
  step  31 B   off/default r +0.331  job 237  ycsb  17196/s  c_idx    493 ns  mem   44.6 MB  cpu 0.79
  step  32 B   off/default r +0.246  job 228  ycsb  16936/s  c_idx    576 ns  mem   56.8 MB  cpu 0.79
  step  33 B   off/default r +0.210  job 225  ycsb  17155/s  c_idx    560 ns  mem   69.7 MB  cpu 0.79
  step  34 B   off/default r +0.309  job 234  ycsb  17193/s  c_idx    522 ns  mem   74.1 MB  cpu 0.79
  step  35 B   off/default r +0.288  job 235  ycsb  17200/s  c_idx    531 ns  mem   75.6 MB  cpu 0.79
  step  36 B   off/default r +0.209  job 225  ycsb  17210/s  c_idx    614 ns  mem   96.5 MB  cpu 0.79
  step  37 B   off/default r +0.299  job 235  ycsb  17176/s  c_idx    534 ns  mem   97.5 MB  cpu 0.79
  step  38 B   off/default r +0.279  job 231  ycsb  17237/s  c_idx    552 ns  mem   99.1 MB  cpu 0.79
  step  39 B   off/default r +0.162  job 231  ycsb  17079/s  c_idx    637 ns  mem  126.1 MB  cpu 0.79
  step  40 B   off/default r +0.296  job 235  ycsb  17123/s  c_idx    543 ns  mem  127.8 MB  cpu 0.79
  step  41 B   off/default r +0.284  job 230  ycsb  17182/s  c_idx    551 ns  mem  128.7 MB  cpu 0.79
  step  42 B   off/default r +0.229  job 227  ycsb  16850/s  c_idx    601 ns  mem  130.4 MB  cpu 0.79
  step  43 B   off/default r +0.082  job 233  ycsb  17097/s  c_idx    740 ns  mem  162.6 MB  cpu 0.79
  step  44 B   off/default r +0.246  job 223  ycsb  17226/s  c_idx    565 ns  mem  167.7 MB  cpu 0.79
  step  45 B   off/default r +0.284  job 233  ycsb  17172/s  c_idx    549 ns  mem  169.0 MB  cpu 0.79
  step  46 B   off/default r +0.270  job 231  ycsb  17160/s  c_idx    561 ns  mem  169.9 MB  cpu 0.79
  step  47 B   off/default r +0.246  job 225  ycsb  17244/s  c_idx    570 ns  mem  171.4 MB  cpu 0.79
  step  48 B   off/default r +0.175  job 237  ycsb  17147/s  c_idx    682 ns  mem  178.1 MB  cpu 0.79
  step  49 B   off/default r +0.118  job 230  ycsb  17035/s  c_idx    678 ns  mem  223.7 MB  cpu 0.79
  step  50 B   off/default r +0.240  job 226  ycsb  17259/s  c_idx    571 ns  mem  226.0 MB  cpu 0.79
  step  51 B   off/default r +0.263  job 234  ycsb  17173/s  c_idx    571 ns  mem  227.3 MB  cpu 0.79
  step  52 B   off/default r +0.229  job 229  ycsb  16999/s  c_idx    600 ns  mem  228.3 MB  cpu 0.79
  step  53 B   off/default r +0.234  job 227  ycsb  17106/s  c_idx    588 ns  mem  229.3 MB  cpu 0.79
  step  54 B   off/default r +0.235  job 230  ycsb  17145/s  c_idx    599 ns  mem  230.7 MB  cpu 0.79
  step  55 B   off/default r +0.205  job 222  ycsb  17200/s  c_idx    618 ns  mem  233.7 MB  cpu 0.79
  step  56 B   off/default r +0.038  job 229  ycsb  17019/s  c_idx    810 ns  mem  273.9 MB  cpu 0.79
  step  57 B   off/default r +0.074  job 231  ycsb  17225/s  c_idx    739 ns  mem  295.9 MB  cpu 0.79
  step  58 B   off/default r +0.202  job 222  ycsb  17139/s  c_idx    585 ns  mem  298.4 MB  cpu 0.80
  step  59 B   off/default r +0.246  job 232  ycsb  17160/s  c_idx    584 ns  mem  299.7 MB  cpu 0.79
  -> return +11.45, mean reward +0.191, 1 switches, actions {'off/default': 60}

[18/30] arm none, seed 2001, repeat 1: index of 1000000 keys built in 1.05 s
  step   0 A   off/default r +0.100  job 382  ycsb   2000/s  c_idx    865 ns  mem   24.7 MB  cpu 1.06
  step   1 A   off/default r +0.177  job 397  ycsb   2000/s  c_idx    849 ns  mem   24.7 MB  cpu 1.06
  step   2 A   off/default r +0.206  job 419  ycsb   2000/s  c_idx    839 ns  mem   24.7 MB  cpu 1.07
  step   3 A   off/default r +0.200  job 396  ycsb   2000/s  c_idx    830 ns  mem   24.7 MB  cpu 1.07
  step   4 A   off/default r +0.185  job 393  ycsb   2000/s  c_idx    842 ns  mem   24.7 MB  cpu 1.08
  step   5 A   off/default r +0.169  job 387  ycsb   2000/s  c_idx    853 ns  mem   24.7 MB  cpu 1.07
  step   6 A   off/default r +0.218  job 414  ycsb   2000/s  c_idx    821 ns  mem   24.7 MB  cpu 1.09
  step   7 A   off/default r +0.204  job 415  ycsb   2000/s  c_idx    859 ns  mem   24.7 MB  cpu 1.10
  step   8 A   off/default r +0.194  job 392  ycsb   2000/s  c_idx    851 ns  mem   24.8 MB  cpu 1.09
  step   9 A   off/default r +0.173  job 378  ycsb   2000/s  c_idx    835 ns  mem   24.8 MB  cpu 1.07
  step  10 A   off/default r +0.179  job 404  ycsb   2000/s  c_idx    874 ns  mem   24.8 MB  cpu 1.10
  step  11 A   off/default r +0.194  job 413  ycsb   2000/s  c_idx    861 ns  mem   24.8 MB  cpu 1.06
  step  12 A   off/default r +0.213  job 400  ycsb   2000/s  c_idx    825 ns  mem   24.8 MB  cpu 1.08
  step  13 A   off/default r +0.179  job 388  ycsb   2000/s  c_idx    831 ns  mem   24.9 MB  cpu 1.06
  step  14 A   off/default r +0.179  job 404  ycsb   2000/s  c_idx    857 ns  mem   24.9 MB  cpu 1.08
  step  15 A   off/default r +0.236  job 430  ycsb   2000/s  c_idx    806 ns  mem   25.0 MB  cpu 1.09
  step  16 A   off/default r +0.193  job 406  ycsb   2000/s  c_idx    864 ns  mem   25.1 MB  cpu 1.07
  step  17 A   off/default r +0.152  job 386  ycsb   2000/s  c_idx    885 ns  mem   25.4 MB  cpu 1.08
  step  18 A   off/default r +0.110  job 384  ycsb   2000/s  c_idx    921 ns  mem   27.3 MB  cpu 1.08
  step  19 A   off/default r +0.136  job 405  ycsb   2000/s  c_idx    931 ns  mem   30.0 MB  cpu 1.09
  step  20 A   off/default r +0.191  job 429  ycsb   2000/s  c_idx    879 ns  mem   31.3 MB  cpu 1.09
  step  21 A   off/default r +0.150  job 380  ycsb   2000/s  c_idx    899 ns  mem   31.5 MB  cpu 1.08
  step  22 A   off/default r +0.129  job 379  ycsb   2000/s  c_idx    909 ns  mem   31.6 MB  cpu 1.09
  step  23 A   off/default r +0.136  job 385  ycsb   2000/s  c_idx    914 ns  mem   31.6 MB  cpu 1.07
  step  24 A   off/default r +0.168  job 420  ycsb   2000/s  c_idx    918 ns  mem   31.7 MB  cpu 1.06
  step  25 A   off/default r +0.163  job 394  ycsb   2000/s  c_idx    900 ns  mem   31.7 MB  cpu 1.08
  step  26 A   off/default r +0.149  job 382  ycsb   2000/s  c_idx    889 ns  mem   31.8 MB  cpu 1.07
  step  27 A   off/default r +0.124  job 388  ycsb   2000/s  c_idx    934 ns  mem   31.8 MB  cpu 1.10
  step  28 A   off/default r +0.161  job 406  ycsb   2000/s  c_idx    920 ns  mem   31.8 MB  cpu 1.07
  step  29 A   off/default r +0.187  job 428  ycsb   2000/s  c_idx    889 ns  mem   31.9 MB  cpu 1.09
  step  30 B   off/default r +0.315  job 230  ycsb  17236/s  c_idx    509 ns  mem   41.3 MB  cpu 0.81
  step  31 B   off/default r +0.337  job 229  ycsb  17297/s  c_idx    494 ns  mem   42.6 MB  cpu 0.79
  step  32 B   off/default r +0.294  job 230  ycsb  17246/s  c_idx    530 ns  mem   54.9 MB  cpu 0.79
  step  33 B   off/default r +0.199  job 226  ycsb  17259/s  c_idx    575 ns  mem   68.6 MB  cpu 0.79
  step  34 B   off/default r +0.324  job 235  ycsb  17311/s  c_idx    512 ns  mem   72.2 MB  cpu 0.79
  step  35 B   off/default r +0.298  job 232  ycsb  17278/s  c_idx    529 ns  mem   73.7 MB  cpu 0.79
  step  36 B   off/default r +0.211  job 230  ycsb  17253/s  c_idx    614 ns  mem   96.5 MB  cpu 0.79
  step  37 B   off/default r +0.266  job 233  ycsb  16996/s  c_idx    566 ns  mem   97.6 MB  cpu 0.79
  step  38 B   off/default r +0.263  job 231  ycsb  17259/s  c_idx    563 ns  mem   99.2 MB  cpu 0.79
  step  39 B   off/default r +0.115  job 230  ycsb  17194/s  c_idx    695 ns  mem  126.2 MB  cpu 0.79
  step  40 B   off/default r +0.295  job 234  ycsb  17313/s  c_idx    541 ns  mem  127.8 MB  cpu 0.79
  step  41 B   off/default r +0.268  job 225  ycsb  17217/s  c_idx    556 ns  mem  128.8 MB  cpu 0.79
  step  42 B   off/default r +0.260  job 229  ycsb  17202/s  c_idx    579 ns  mem  130.6 MB  cpu 0.79
  step  43 B   off/default r +0.003  job 234  ycsb  17201/s  c_idx    866 ns  mem  164.6 MB  cpu 0.79
  step  44 B   off/default r +0.260  job 234  ycsb  17245/s  c_idx    560 ns  mem  167.9 MB  cpu 0.79
  step  45 B   off/default r +0.285  job 230  ycsb  17243/s  c_idx    555 ns  mem  169.0 MB  cpu 0.79
  step  46 B   off/default r +0.274  job 234  ycsb  17244/s  c_idx    563 ns  mem  170.0 MB  cpu 0.79
  step  47 B   off/default r +0.215  job 226  ycsb  16777/s  c_idx    612 ns  mem  171.5 MB  cpu 0.79
  step  48 B   off/default r +0.180  job 235  ycsb  17191/s  c_idx    671 ns  mem  179.9 MB  cpu 0.79
  step  49 B   off/default r +0.060  job 230  ycsb  17184/s  c_idx    749 ns  mem  223.8 MB  cpu 0.79
  step  50 B   off/default r +0.248  job 225  ycsb  17268/s  c_idx    558 ns  mem  226.2 MB  cpu 0.79
  step  51 B   off/default r +0.273  job 232  ycsb  17245/s  c_idx    560 ns  mem  227.4 MB  cpu 0.80
  step  52 B   off/default r +0.255  job 232  ycsb  17190/s  c_idx    572 ns  mem  228.4 MB  cpu 0.79
  step  53 B   off/default r +0.252  job 231  ycsb  17191/s  c_idx    580 ns  mem  229.4 MB  cpu 0.79
  step  54 B   off/default r +0.252  job 232  ycsb  17238/s  c_idx    584 ns  mem  230.9 MB  cpu 0.79
  step  55 B   off/default r +0.214  job 225  ycsb  17277/s  c_idx    599 ns  mem  235.0 MB  cpu 0.79
  step  56 B   off/default r +0.055  job 232  ycsb  17154/s  c_idx    778 ns  mem  280.7 MB  cpu 0.79
  step  57 B   off/default r +0.153  job 233  ycsb  17003/s  c_idx    638 ns  mem  296.2 MB  cpu 0.79
  step  58 B   off/default r +0.221  job 227  ycsb  17251/s  c_idx    571 ns  mem  298.5 MB  cpu 0.79
  step  59 B   off/default r +0.263  job 230  ycsb  17242/s  c_idx    567 ns  mem  299.9 MB  cpu 0.79
  -> return +12.06, mean reward +0.201, 1 switches, actions {'off/default': 60}

[19/30] arm nqo, seed 2001, repeat 1: index of 1000000 keys built in 1.04 s
  step   0 A  auto/default r +0.000  job 261  ycsb   2000/s  c_idx    772 ns  mem   24.7 MB  cpu 1.04
  step   1 A  auto/default r +0.013  job 264  ycsb   2000/s  c_idx    786 ns  mem   24.7 MB  cpu 1.05
  step   2 A  auto/default r -0.003  job 261  ycsb   2000/s  c_idx    775 ns  mem   24.7 MB  cpu 1.05
  step   3 A  auto/default r +0.021  job 257  ycsb   2000/s  c_idx    780 ns  mem   24.7 MB  cpu 1.06
  step   4 A  auto/default r -0.013  job 259  ycsb   2000/s  c_idx    791 ns  mem   24.7 MB  cpu 1.05
  step   5 A  auto/default r -0.001  job 253  ycsb   2000/s  c_idx    802 ns  mem   24.7 MB  cpu 1.06
  step   6 A  auto/default r -0.004  job 266  ycsb   2000/s  c_idx    799 ns  mem   24.7 MB  cpu 1.05
  step   7 A  auto/default r +0.009  job 253  ycsb   2000/s  c_idx    785 ns  mem   24.7 MB  cpu 1.06
  step   8 A  auto/default r +0.005  job 266  ycsb   2000/s  c_idx    787 ns  mem   24.7 MB  cpu 1.07
  step   9 A  auto/default r +0.012  job 260  ycsb   2000/s  c_idx    800 ns  mem   24.7 MB  cpu 1.06
  step  10 A  auto/default r -0.013  job 265  ycsb   2000/s  c_idx    822 ns  mem   24.8 MB  cpu 1.05
  step  11 A  auto/default r +0.005  job 261  ycsb   2000/s  c_idx    803 ns  mem   24.8 MB  cpu 1.05
  step  12 A  auto/default r -0.020  job 260  ycsb   1999/s  c_idx    809 ns  mem   26.8 MB  cpu 1.06
  step  13 A  auto/default r -0.014  job 265  ycsb   1999/s  c_idx    822 ns  mem   26.8 MB  cpu 1.07
  step  14 A  auto/default r -0.054  job 258  ycsb   1999/s  c_idx    853 ns  mem   26.9 MB  cpu 1.03
  step  15 A  auto/default r -0.023  job 259  ycsb   2000/s  c_idx    817 ns  mem   27.0 MB  cpu 1.06
  step  16 A  auto/default r -0.023  job 264  ycsb   1999/s  c_idx    819 ns  mem   27.0 MB  cpu 1.05
  step  17 A  auto/default r -0.032  job 258  ycsb   2000/s  c_idx    814 ns  mem   27.2 MB  cpu 1.06
  step  18 A  auto/default r -0.051  job 261  ycsb   2000/s  c_idx    862 ns  mem   27.8 MB  cpu 1.07
  step  19 A  auto/default r -0.138  job 256  ycsb   2000/s  c_idx   1004 ns  mem   30.3 MB  cpu 1.05
  step  20 A  auto/default r -0.075  job 262  ycsb   2000/s  c_idx    910 ns  mem   32.9 MB  cpu 1.06
  step  21 A  auto/default r -0.046  job 258  ycsb   2000/s  c_idx    851 ns  mem   33.3 MB  cpu 1.05
  step  22 A  auto/default r -0.045  job 269  ycsb   2000/s  c_idx    857 ns  mem   33.5 MB  cpu 1.07
  step  23 A  auto/default r -0.052  job 264  ycsb   2000/s  c_idx    857 ns  mem   33.6 MB  cpu 1.05
  step  24 A  auto/default r -0.057  job 263  ycsb   1999/s  c_idx    877 ns  mem   33.7 MB  cpu 1.05
  step  25 A  auto/default r -0.041  job 266  ycsb   2000/s  c_idx    850 ns  mem   33.7 MB  cpu 1.05
  step  26 A  auto/default r -0.055  job 261  ycsb   2000/s  c_idx    873 ns  mem   33.8 MB  cpu 1.05
  step  27 A  auto/default r -0.046  job 268  ycsb   2000/s  c_idx    857 ns  mem   33.8 MB  cpu 1.06
  step  28 A  auto/default r -0.056  job 265  ycsb   2000/s  c_idx    870 ns  mem   33.8 MB  cpu 1.07
  step  29 A  auto/default r -0.055  job 265  ycsb   2000/s  c_idx    870 ns  mem   33.9 MB  cpu 1.06
  step  30 B  auto/default r +0.072  job 151  ycsb  15943/s  c_idx    550 ns  mem   43.0 MB  cpu 0.81
  step  31 B  auto/default r +0.088  job 148  ycsb  16047/s  c_idx    512 ns  mem   44.2 MB  cpu 0.77
  step  32 B  auto/default r +0.014  job 147  ycsb  15974/s  c_idx    584 ns  mem   56.7 MB  cpu 0.77
  step  33 B  auto/default r +0.035  job 148  ycsb  15940/s  c_idx    564 ns  mem   58.0 MB  cpu 0.78
  step  34 B  auto/default r -0.024  job 149  ycsb  16057/s  c_idx    646 ns  mem   73.8 MB  cpu 0.77
  step  35 B  auto/default r +0.053  job 149  ycsb  16049/s  c_idx    545 ns  mem   74.8 MB  cpu 0.77
  step  36 B  auto/default r -0.034  job 147  ycsb  16014/s  c_idx    649 ns  mem   95.1 MB  cpu 0.77
  step  37 B  auto/default r +0.055  job 148  ycsb  16004/s  c_idx    546 ns  mem   97.0 MB  cpu 0.77
  step  38 B  auto/default r +0.060  job 148  ycsb  16010/s  c_idx    556 ns  mem   98.0 MB  cpu 0.77
  step  39 B  auto/default r -0.000  job 147  ycsb  16066/s  c_idx    621 ns  mem  104.4 MB  cpu 0.77
  step  40 B  auto/default r -0.083  job 149  ycsb  15872/s  c_idx    732 ns  mem  126.8 MB  cpu 0.77
  step  41 B  auto/default r +0.052  job 149  ycsb  16036/s  c_idx    565 ns  mem  128.0 MB  cpu 0.77
  step  42 B  auto/default r +0.046  job 149  ycsb  16032/s  c_idx    571 ns  mem  128.9 MB  cpu 0.78
  step  43 B  auto/default r +0.003  job 149  ycsb  15875/s  c_idx    618 ns  mem  130.8 MB  cpu 0.78
  step  44 B  auto/default r -0.172  job 147  ycsb  15979/s  c_idx    865 ns  mem  162.9 MB  cpu 0.77
  step  45 B  auto/default r +0.032  job 148  ycsb  16102/s  c_idx    580 ns  mem  167.7 MB  cpu 0.78
  step  46 B  auto/default r +0.043  job 148  ycsb  16011/s  c_idx    571 ns  mem  168.9 MB  cpu 0.77
  step  47 B  auto/default r +0.042  job 148  ycsb  15951/s  c_idx    575 ns  mem  169.8 MB  cpu 0.77
  step  48 B  auto/default r +0.035  job 150  ycsb  16056/s  c_idx    586 ns  mem  171.0 MB  cpu 0.78
  step  49 B  auto/default r +0.000  job 148  ycsb  16031/s  c_idx    621 ns  mem  173.5 MB  cpu 0.77
  step  50 B  auto/default r -0.327  job 150  ycsb  15905/s  c_idx   1185 ns  mem  217.3 MB  cpu 0.78
  step  51 B  auto/default r -0.031  job 146  ycsb  15965/s  c_idx    647 ns  mem  225.2 MB  cpu 0.77
  step  52 B  auto/default r +0.040  job 149  ycsb  16110/s  c_idx    574 ns  mem  226.8 MB  cpu 0.77
  step  53 B  auto/default r +0.010  job 146  ycsb  16003/s  c_idx    597 ns  mem  227.9 MB  cpu 0.78
  step  54 B  auto/default r +0.030  job 149  ycsb  16089/s  c_idx    584 ns  mem  228.8 MB  cpu 0.78
  step  55 B  auto/default r +0.019  job 149  ycsb  15990/s  c_idx    595 ns  mem  229.8 MB  cpu 0.77
  step  56 B  auto/default r +0.002  job 148  ycsb  15941/s  c_idx    607 ns  mem  231.4 MB  cpu 0.77
  step  57 B  auto/default r -0.028  job 149  ycsb  16015/s  c_idx    658 ns  mem  236.3 MB  cpu 0.77
  step  58 B  auto/default r -0.230  job 147  ycsb  15969/s  c_idx    943 ns  mem  282.7 MB  cpu 0.77
  step  59 B  auto/default r -0.011  job 148  ycsb  15987/s  c_idx    635 ns  mem  296.2 MB  cpu 0.78
  -> return -1.06, mean reward -0.018, 0 switches, actions {'auto/default': 60}

[20/30] arm selix, seed 2001, repeat 1: index of 1000000 keys built in 1.05 s
  step   0 A   off/default r +0.117  job 386  ycsb   2000/s  c_idx    846 ns  mem   24.7 MB  cpu 1.07
  step   1 A   off/default r +0.154  job 393  ycsb   2000/s  c_idx    870 ns  mem   24.7 MB  cpu 1.07
  step   2 A   off/default r +0.191  job 415  ycsb   2000/s  c_idx    852 ns  mem   24.7 MB  cpu 1.06
  step   3 A   off/default r +0.181  job 396  ycsb   2000/s  c_idx    857 ns  mem   24.7 MB  cpu 1.06
  step   4 A   off/default r +0.192  job 394  ycsb   2000/s  c_idx    838 ns  mem   24.7 MB  cpu 1.09
  step   5 A   off/default r +0.188  job 392  ycsb   2000/s  c_idx    833 ns  mem   24.7 MB  cpu 1.08
  step   6 A   off/default r +0.205  job 414  ycsb   2000/s  c_idx    838 ns  mem   24.7 MB  cpu 1.09
  step   7 A   off/default r +0.208  job 402  ycsb   2000/s  c_idx    847 ns  mem   24.7 MB  cpu 1.07
  step   8 A   off/default r +0.183  job 387  ycsb   2000/s  c_idx    843 ns  mem   24.7 MB  cpu 1.06
  step   9 A   off/default r +0.184  job 393  ycsb   2000/s  c_idx    845 ns  mem   24.7 MB  cpu 1.08
  step  10 A   off/default r +0.182  job 411  ycsb   2000/s  c_idx    869 ns  mem   24.8 MB  cpu 1.06
  step  11 A   off/default r +0.198  job 407  ycsb   2000/s  c_idx    864 ns  mem   24.8 MB  cpu 1.07
  step  12 A   off/default r +0.188  job 385  ycsb   2000/s  c_idx    838 ns  mem   24.8 MB  cpu 1.07
  step  13 A   off/default r +0.183  job 394  ycsb   2000/s  c_idx    852 ns  mem   24.9 MB  cpu 1.09
  step  14 A   off/default r +0.190  job 408  ycsb   2000/s  c_idx    854 ns  mem   24.9 MB  cpu 1.09
  step  15 A   off/default r +0.198  job 414  ycsb   2000/s  c_idx    866 ns  mem   25.0 MB  cpu 1.07
  step  16 A   off/default r +0.175  job 387  ycsb   2000/s  c_idx    881 ns  mem   25.1 MB  cpu 1.10
  step  17 A   off/default r +0.157  job 394  ycsb   2000/s  c_idx    888 ns  mem   25.4 MB  cpu 1.10
  step  18 A   off/default r +0.075  job 402  ycsb   2000/s  c_idx   1031 ns  mem   27.4 MB  cpu 1.09
  step  19 A   off/default r +0.105  job 411  ycsb   2000/s  c_idx    961 ns  mem   30.4 MB  cpu 1.07
  step  20 A   off/default r +0.148  job 405  ycsb   2000/s  c_idx    925 ns  mem   31.3 MB  cpu 1.06
  step  21 A   off/default r +0.129  job 385  ycsb   2000/s  c_idx    932 ns  mem   31.5 MB  cpu 1.09
  step  22 A   off/default r +0.147  job 401  ycsb   2000/s  c_idx    917 ns  mem   31.6 MB  cpu 1.10
  step  23 A   off/default r +0.155  job 404  ycsb   2000/s  c_idx    903 ns  mem   31.7 MB  cpu 1.08
  step  24 A   off/default r +0.160  job 406  ycsb   2000/s  c_idx    915 ns  mem   31.7 MB  cpu 1.08
  step  25 A   off/default r +0.187  job 396  ycsb   2000/s  c_idx    849 ns  mem   31.8 MB  cpu 1.06
  step  26 A   off/default r +0.149  job 381  ycsb   2000/s  c_idx    898 ns  mem   31.8 MB  cpu 1.08
  step  27 A   off/default r +0.168  job 401  ycsb   2000/s  c_idx    882 ns  mem   31.8 MB  cpu 1.06
  step  28 A   off/default r +0.134  job 407  ycsb   2000/s  c_idx    932 ns  mem   33.9 MB  cpu 1.07
  step  29 A   off/default r +0.138  job 399  ycsb   2000/s  c_idx    929 ns  mem   33.9 MB  cpu 1.07
  step  30 B   off/default r +0.295  job 225  ycsb  17134/s  c_idx    513 ns  mem   43.3 MB  cpu 0.80
  step  31 B   off/default r +0.320  job 229  ycsb  17193/s  c_idx    498 ns  mem   44.6 MB  cpu 0.79
  step  32 B   off/default r +0.259  job 227  ycsb  17286/s  c_idx    560 ns  mem   56.8 MB  cpu 0.79
  step  33 B   off/default r +0.182  job 225  ycsb  17213/s  c_idx    585 ns  mem   70.5 MB  cpu 0.79
  step  34 B   off/default r +0.310  job 232  ycsb  17147/s  c_idx    519 ns  mem   74.1 MB  cpu 0.79
  step  35 B   off/default r +0.267  job 229  ycsb  17204/s  c_idx    538 ns  mem   75.7 MB  cpu 0.79
  step  36 B   off/default r +0.198  job 236  ycsb  17130/s  c_idx    646 ns  mem   96.5 MB  cpu 0.79
  step  37 B   off/default r +0.288  job 237  ycsb  17150/s  c_idx    545 ns  mem   97.5 MB  cpu 0.79
  step  38 B   off/default r +0.229  job 226  ycsb  16887/s  c_idx    595 ns  mem   99.1 MB  cpu 0.79
  step  39 B   off/default r +0.078  job 231  ycsb  17116/s  c_idx    755 ns  mem  126.1 MB  cpu 0.79
  step  40 B   off/default r +0.282  job 235  ycsb  17142/s  c_idx    553 ns  mem  127.8 MB  cpu 0.79
  step  41 B   off/default r +0.265  job 222  ycsb  17230/s  c_idx    550 ns  mem  128.7 MB  cpu 0.79
  step  42 B   off/default r +0.259  job 231  ycsb  17196/s  c_idx    579 ns  mem  130.5 MB  cpu 0.79
  step  43 B   off/default r +0.132  job 228  ycsb  17028/s  c_idx    660 ns  mem  162.9 MB  cpu 0.79
  step  44 B   off/default r +0.221  job 223  ycsb  17182/s  c_idx    597 ns  mem  167.9 MB  cpu 0.79
  step  45 B   off/default r +0.278  job 231  ycsb  17195/s  c_idx    557 ns  mem  169.0 MB  cpu 0.79
  step  46 B   off/default r +0.253  job 225  ycsb  17168/s  c_idx    571 ns  mem  170.0 MB  cpu 0.79
  step  47 B   off/default r +0.246  job 229  ycsb  17174/s  c_idx    587 ns  mem  171.5 MB  cpu 0.79
  step  48 B   off/default r +0.183  job 233  ycsb  16864/s  c_idx    661 ns  mem  178.1 MB  cpu 0.79
  step  49 B   off/default r -0.058  job 232  ycsb  17078/s  c_idx    943 ns  mem  223.8 MB  cpu 0.79
  step  50 B   off/default r +0.252  job 233  ycsb  17189/s  c_idx    566 ns  mem  226.1 MB  cpu 0.79
  step  51 B   off/default r +0.263  job 234  ycsb  17156/s  c_idx    571 ns  mem  227.5 MB  cpu 0.79
  step  52 B   off/default r +0.249  job 230  ycsb  17173/s  c_idx    581 ns  mem  228.4 MB  cpu 0.79
  step  53 B   off/default r +0.248  job 231  ycsb  16992/s  c_idx    589 ns  mem  229.4 MB  cpu 0.79
  step  54 B   off/default r +0.243  job 233  ycsb  17127/s  c_idx    590 ns  mem  230.9 MB  cpu 0.79
  step  55 B   off/default r +0.201  job 225  ycsb  17152/s  c_idx    626 ns  mem  234.2 MB  cpu 0.79
  step  56 B   off/default r -0.193  job 229  ycsb  16963/s  c_idx   1313 ns  mem  269.0 MB  cpu 0.79
  step  57 B   off/default r +0.143  job 225  ycsb  17137/s  c_idx    630 ns  mem  296.1 MB  cpu 0.79
  step  58 B   off/default r +0.180  job 220  ycsb  16585/s  c_idx    609 ns  mem  298.4 MB  cpu 0.79
  step  59 B   off/default r +0.250  job 231  ycsb  17102/s  c_idx    580 ns  mem  299.7 MB  cpu 0.79
  -> return +11.29, mean reward +0.188, 1 switches, actions {'off/default': 60}

[21/30] arm ga, seed 2002, repeat 1: index of 1000000 keys built in 1.05 s
  step   0 A   off/default r +0.146  job 408  ycsb   2000/s  c_idx    833 ns  mem   24.7 MB  cpu 1.09
  step   1 A   off/default r +0.184  job 385  ycsb   2000/s  c_idx    836 ns  mem   24.7 MB  cpu 1.06
  step   2 A   off/default r +0.189  job 397  ycsb   2000/s  c_idx    843 ns  mem   24.7 MB  cpu 1.08
  step   3 A   off/default r +0.192  job 410  ycsb   2000/s  c_idx    844 ns  mem   24.7 MB  cpu 1.07
  step   4 A   off/default r +0.189  job 402  ycsb   2000/s  c_idx    849 ns  mem   24.7 MB  cpu 1.07
  step   5 A   off/default r +0.199  job 403  ycsb   2000/s  c_idx    844 ns  mem   24.7 MB  cpu 1.09
  step   6 A   off/default r +0.160  job 374  ycsb   2000/s  c_idx    868 ns  mem   24.7 MB  cpu 1.09
  step   7 A   off/default r +0.206  job 413  ycsb   2000/s  c_idx    843 ns  mem   24.7 MB  cpu 1.08
  step   8 A   off/default r +0.198  job 410  ycsb   2000/s  c_idx    843 ns  mem   24.7 MB  cpu 1.08
  step   9 A   off/default r +0.194  job 403  ycsb   2000/s  c_idx    844 ns  mem   24.8 MB  cpu 1.07
  step  10 A   off/default r +0.202  job 383  ycsb   2000/s  c_idx    815 ns  mem   24.8 MB  cpu 1.10
  step  11 A   off/default r +0.200  job 393  ycsb   2000/s  c_idx    836 ns  mem   24.8 MB  cpu 1.08
  step  12 A   off/default r +0.211  job 419  ycsb   2000/s  c_idx    845 ns  mem   24.8 MB  cpu 1.09
  step  13 A   off/default r +0.167  job 415  ycsb   2000/s  c_idx    861 ns  mem   26.9 MB  cpu 1.09
  step  14 A   off/default r +0.150  job 390  ycsb   2000/s  c_idx    875 ns  mem   26.9 MB  cpu 1.07
  step  15 A   off/default r +0.130  job 385  ycsb   2000/s  c_idx    904 ns  mem   27.0 MB  cpu 1.08
  step  16 A   off/default r +0.161  job 416  ycsb   2000/s  c_idx    884 ns  mem   27.1 MB  cpu 1.07
  step  17 A   off/default r +0.146  job 408  ycsb   2000/s  c_idx    888 ns  mem   27.4 MB  cpu 1.09
  step  18 A   off/default r +0.129  job 397  ycsb   2000/s  c_idx    905 ns  mem   28.9 MB  cpu 1.09
  step  19 A   off/default r +0.054  job 374  ycsb   2000/s  c_idx   1009 ns  mem   32.6 MB  cpu 1.07
  step  20 A   off/default r +0.119  job 402  ycsb   2000/s  c_idx    930 ns  mem   33.3 MB  cpu 1.09
  step  21 A   off/default r +0.137  job 413  ycsb   2000/s  c_idx    911 ns  mem   33.5 MB  cpu 1.08
  step  22 A   off/default r +0.128  job 406  ycsb   2000/s  c_idx    930 ns  mem   33.6 MB  cpu 1.08
  step  23 A   off/default r +0.123  job 380  ycsb   2000/s  c_idx    915 ns  mem   33.7 MB  cpu 1.09
  step  24 A   off/default r +0.103  job 390  ycsb   2000/s  c_idx    961 ns  mem   33.7 MB  cpu 1.08
  step  25 A   off/default r +0.139  job 416  ycsb   2000/s  c_idx    932 ns  mem   33.8 MB  cpu 1.08
  step  26 A   off/default r +0.132  job 402  ycsb   2000/s  c_idx    922 ns  mem   33.8 MB  cpu 1.07
  step  27 A   off/default r +0.130  job 391  ycsb   2000/s  c_idx    911 ns  mem   33.8 MB  cpu 1.09
  step  28 A   off/default r +0.140  job 383  ycsb   2000/s  c_idx    909 ns  mem   33.9 MB  cpu 1.07
  step  29 A   off/default r +0.129  job 406  ycsb   2000/s  c_idx    938 ns  mem   33.9 MB  cpu 1.09
  step  30 B   off/default r +0.263  job 227  ycsb  17238/s  c_idx    552 ns  mem   43.4 MB  cpu 0.80
  step  31 B   off/default r +0.307  job 217  ycsb  17169/s  c_idx    501 ns  mem   44.6 MB  cpu 0.79
  step  32 B   off/default r +0.262  job 222  ycsb  17231/s  c_idx    559 ns  mem   56.9 MB  cpu 0.79
  step  33 B   off/default r +0.166  job 222  ycsb  16978/s  c_idx    597 ns  mem   69.6 MB  cpu 0.79
  step  34 B   off/default r +0.276  job 223  ycsb  17158/s  c_idx    529 ns  mem   74.2 MB  cpu 0.79
  step  35 B   off/default r +0.284  job 239  ycsb  17205/s  c_idx    544 ns  mem   75.5 MB  cpu 0.79
  step  36 B   off/default r +0.176  job 238  ycsb  17170/s  c_idx    632 ns  mem  108.5 MB  cpu 0.79
  step  37 B   off/default r +0.246  job 229  ycsb  17274/s  c_idx    539 ns  mem  109.6 MB  cpu 0.79
  step  38 B   off/default r +0.255  job 243  ycsb  17171/s  c_idx    560 ns  mem  111.1 MB  cpu 0.79
  step  39 B   off/default r +0.093  job 236  ycsb  17133/s  c_idx    696 ns  mem  138.3 MB  cpu 0.79
  step  40 B   off/default r +0.263  job 232  ycsb  17153/s  c_idx    550 ns  mem  139.8 MB  cpu 0.79
  step  41 B   off/default r +0.255  job 233  ycsb  17170/s  c_idx    554 ns  mem  140.8 MB  cpu 0.79
  step  42 B   off/default r +0.232  job 226  ycsb  17188/s  c_idx    576 ns  mem  142.4 MB  cpu 0.79
  step  43 B   off/default r +0.035  job 219  ycsb  16772/s  c_idx    763 ns  mem  174.4 MB  cpu 0.79
  step  44 B   off/default r +0.236  job 229  ycsb  17135/s  c_idx    567 ns  mem  179.7 MB  cpu 0.79
  step  45 B   off/default r +0.246  job 217  ycsb  17174/s  c_idx    555 ns  mem  180.8 MB  cpu 0.79
  step  46 B   off/default r +0.249  job 230  ycsb  17172/s  c_idx    565 ns  mem  181.9 MB  cpu 0.79
  step  47 B   off/default r +0.233  job 234  ycsb  17182/s  c_idx    585 ns  mem  183.3 MB  cpu 0.79
  step  48 B   off/default r +0.187  job 226  ycsb  17171/s  c_idx    615 ns  mem  191.7 MB  cpu 0.80
  step  49 B   off/default r -0.035  job 241  ycsb  17123/s  c_idx    910 ns  mem  231.4 MB  cpu 0.79
  step  50 B   off/default r +0.235  job 234  ycsb  17234/s  c_idx    568 ns  mem  233.9 MB  cpu 0.79
  step  51 B   off/default r +0.250  job 235  ycsb  17182/s  c_idx    573 ns  mem  235.2 MB  cpu 0.79
  step  52 B   off/default r +0.258  job 243  ycsb  17154/s  c_idx    576 ns  mem  236.2 MB  cpu 0.79
  step  53 B   off/default r +0.201  job 228  ycsb  16748/s  c_idx    616 ns  mem  237.2 MB  cpu 0.79
  step  54 B   off/default r +0.224  job 228  ycsb  17104/s  c_idx    599 ns  mem  238.6 MB  cpu 0.79
  step  55 B   off/default r +0.173  job 226  ycsb  17200/s  c_idx    655 ns  mem  242.5 MB  cpu 0.79
  step  56 B   off/default r +0.095  job 222  ycsb  17127/s  c_idx    713 ns  mem  282.2 MB  cpu 0.80
  step  57 B   off/default r -0.135  job 220  ycsb  17173/s  c_idx   1087 ns  mem  304.1 MB  cpu 0.79
  step  58 B   off/default r +0.214  job 227  ycsb  17184/s  c_idx    577 ns  mem  306.2 MB  cpu 0.79
  step  59 B   off/default r +0.239  job 218  ycsb  17218/s  c_idx    572 ns  mem  307.6 MB  cpu 0.79
  -> return +10.67, mean reward +0.178, 1 switches, actions {'off/default': 60}

[22/30] arm none, seed 2002, repeat 1: index of 1000000 keys built in 1.04 s
  step   0 A   off/default r +0.154  job 412  ycsb   2000/s  c_idx    817 ns  mem   24.7 MB  cpu 1.07
  step   1 A   off/default r +0.179  job 381  ycsb   2000/s  c_idx    845 ns  mem   24.7 MB  cpu 1.08
  step   2 A   off/default r +0.229  job 401  ycsb   2000/s  c_idx    770 ns  mem   24.7 MB  cpu 1.06
  step   3 A   off/default r +0.245  job 409  ycsb   2000/s  c_idx    759 ns  mem   24.7 MB  cpu 1.07
  step   4 A   off/default r +0.196  job 401  ycsb   2000/s  c_idx    830 ns  mem   24.7 MB  cpu 1.06
  step   5 A   off/default r +0.205  job 396  ycsb   2000/s  c_idx    821 ns  mem   24.7 MB  cpu 1.09
  step   6 A   off/default r +0.205  job 395  ycsb   2000/s  c_idx    829 ns  mem   24.7 MB  cpu 1.06
  step   7 A   off/default r +0.211  job 400  ycsb   2000/s  c_idx    823 ns  mem   24.7 MB  cpu 1.09
  step   8 A   off/default r +0.212  job 399  ycsb   2000/s  c_idx    813 ns  mem   24.7 MB  cpu 1.06
  step   9 A   off/default r +0.235  job 409  ycsb   2000/s  c_idx    795 ns  mem   24.7 MB  cpu 1.09
  step  10 A   off/default r +0.189  job 388  ycsb   2000/s  c_idx    850 ns  mem   24.8 MB  cpu 1.08
  step  11 A   off/default r +0.194  job 401  ycsb   2000/s  c_idx    850 ns  mem   24.8 MB  cpu 1.09
  step  12 A   off/default r +0.194  job 390  ycsb   2000/s  c_idx    839 ns  mem   24.8 MB  cpu 1.09
  step  13 A   off/default r +0.209  job 421  ycsb   2000/s  c_idx    835 ns  mem   24.9 MB  cpu 1.10
  step  14 A   off/default r +0.191  job 393  ycsb   2000/s  c_idx    842 ns  mem   24.9 MB  cpu 1.07
  step  15 A   off/default r +0.190  job 393  ycsb   2000/s  c_idx    838 ns  mem   25.0 MB  cpu 1.07
  step  16 A   off/default r +0.178  job 379  ycsb   2000/s  c_idx    856 ns  mem   25.1 MB  cpu 1.06
  step  17 A   off/default r +0.202  job 423  ycsb   2000/s  c_idx    852 ns  mem   25.3 MB  cpu 1.09
  step  18 A   off/default r +0.139  job 396  ycsb   2000/s  c_idx    917 ns  mem   26.8 MB  cpu 1.07
  step  19 A   off/default r +0.100  job 410  ycsb   2000/s  c_idx    975 ns  mem   30.6 MB  cpu 1.09
  step  20 A   off/default r +0.141  job 382  ycsb   2000/s  c_idx    914 ns  mem   31.4 MB  cpu 1.09
  step  21 A   off/default r +0.159  job 402  ycsb   2000/s  c_idx    894 ns  mem   31.5 MB  cpu 1.07
  step  22 A   off/default r +0.168  job 413  ycsb   2000/s  c_idx    894 ns  mem   31.6 MB  cpu 1.09
  step  23 A   off/default r +0.168  job 400  ycsb   2000/s  c_idx    884 ns  mem   31.7 MB  cpu 1.07
  step  24 A   off/default r +0.162  job 400  ycsb   2000/s  c_idx    900 ns  mem   31.7 MB  cpu 1.07
  step  25 A   off/default r +0.156  job 379  ycsb   2000/s  c_idx    882 ns  mem   31.8 MB  cpu 1.08
  step  26 A   off/default r +0.173  job 420  ycsb   2000/s  c_idx    894 ns  mem   31.8 MB  cpu 1.07
  step  27 A   off/default r +0.160  job 393  ycsb   2000/s  c_idx    898 ns  mem   31.9 MB  cpu 1.08
  step  28 A   off/default r +0.148  job 390  ycsb   2000/s  c_idx    907 ns  mem   31.9 MB  cpu 1.08
  step  29 A   off/default r +0.149  job 382  ycsb   2000/s  c_idx    907 ns  mem   31.9 MB  cpu 1.07
  step  30 B   off/default r +0.284  job 231  ycsb  17179/s  c_idx    541 ns  mem   41.3 MB  cpu 0.81
  step  31 B   off/default r +0.328  job 223  ycsb  17168/s  c_idx    499 ns  mem   42.6 MB  cpu 0.79
  step  32 B   off/default r +0.288  job 224  ycsb  17222/s  c_idx    538 ns  mem   54.9 MB  cpu 0.79
  step  33 B   off/default r +0.179  job 227  ycsb  17152/s  c_idx    599 ns  mem   67.9 MB  cpu 0.79
  step  34 B   off/default r +0.290  job 222  ycsb  17226/s  c_idx    527 ns  mem   72.2 MB  cpu 0.79
  step  35 B   off/default r +0.286  job 231  ycsb  17239/s  c_idx    544 ns  mem   73.5 MB  cpu 0.79
  step  36 B   off/default r +0.223  job 238  ycsb  17240/s  c_idx    608 ns  mem   96.5 MB  cpu 0.79
  step  37 B   off/default r +0.276  job 227  ycsb  17211/s  c_idx    538 ns  mem   97.6 MB  cpu 0.79
  step  38 B   off/default r +0.241  job 237  ycsb  17013/s  c_idx    594 ns  mem   99.1 MB  cpu 0.79
  step  39 B   off/default r +0.008  job 230  ycsb  17024/s  c_idx    846 ns  mem  126.3 MB  cpu 0.79
  step  40 B   off/default r +0.262  job 233  ycsb  17173/s  c_idx    580 ns  mem  127.8 MB  cpu 0.79
  step  41 B   off/default r +0.255  job 238  ycsb  17113/s  c_idx    589 ns  mem  128.8 MB  cpu 0.79
  step  42 B   off/default r +0.232  job 230  ycsb  17126/s  c_idx    610 ns  mem  130.4 MB  cpu 0.79
  step  43 B   off/default r -0.031  job 222  ycsb  17042/s  c_idx    927 ns  mem  162.1 MB  cpu 0.79
  step  44 B   off/default r +0.239  job 233  ycsb  17234/s  c_idx    586 ns  mem  167.7 MB  cpu 0.79
  step  45 B   off/default r +0.243  job 225  ycsb  17203/s  c_idx    590 ns  mem  168.9 MB  cpu 0.79
  step  46 B   off/default r +0.235  job 224  ycsb  17095/s  c_idx    600 ns  mem  169.9 MB  cpu 0.79
  step  47 B   off/default r +0.219  job 229  ycsb  17183/s  c_idx    611 ns  mem  171.3 MB  cpu 0.79
  step  48 B   off/default r -0.029  job 220  ycsb  16896/s  c_idx    962 ns  mem  183.6 MB  cpu 0.79
  step  49 B   off/default r +0.004  job 230  ycsb  17034/s  c_idx    840 ns  mem  223.4 MB  cpu 0.79
  step  50 B   off/default r +0.223  job 237  ycsb  17084/s  c_idx    597 ns  mem  225.9 MB  cpu 0.79
  step  51 B   off/default r +0.225  job 227  ycsb  17229/s  c_idx    601 ns  mem  227.2 MB  cpu 0.79
  step  52 B   off/default r +0.237  job 241  ycsb  17233/s  c_idx    606 ns  mem  228.2 MB  cpu 0.79
  step  53 B   off/default r +0.220  job 238  ycsb  17065/s  c_idx    623 ns  mem  229.2 MB  cpu 0.79
  step  54 B   off/default r +0.210  job 233  ycsb  17141/s  c_idx    634 ns  mem  230.7 MB  cpu 0.79
  step  55 B   off/default r +0.200  job 239  ycsb  17177/s  c_idx    644 ns  mem  233.8 MB  cpu 0.79
  step  56 B   off/default r -0.019  job 232  ycsb  17066/s  c_idx    919 ns  mem  273.9 MB  cpu 0.79
  step  57 B   off/default r +0.097  job 225  ycsb  17141/s  c_idx    709 ns  mem  296.2 MB  cpu 0.79
  step  58 B   off/default r +0.166  job 225  ycsb  16986/s  c_idx    635 ns  mem  298.2 MB  cpu 0.79
  step  59 B   off/default r +0.214  job 221  ycsb  17146/s  c_idx    613 ns  mem  299.6 MB  cpu 0.79
  -> return +11.24, mean reward +0.187, 1 switches, actions {'off/default': 60}

[23/30] arm nqo, seed 2002, repeat 1: index of 1000000 keys built in 1.04 s
  step   0 A  auto/default r -0.005  job 249  ycsb   2000/s  c_idx    787 ns  mem   24.7 MB  cpu 1.05
  step   1 A  auto/default r +0.020  job 267  ycsb   1999/s  c_idx    779 ns  mem   24.7 MB  cpu 1.06
  step   2 A  auto/default r -0.006  job 254  ycsb   1999/s  c_idx    782 ns  mem   24.7 MB  cpu 1.06
  step   3 A  auto/default r +0.001  job 264  ycsb   2000/s  c_idx    785 ns  mem   24.7 MB  cpu 1.06
  step   4 A  auto/default r +0.004  job 257  ycsb   2000/s  c_idx    790 ns  mem   24.7 MB  cpu 1.07
  step   5 A  auto/default r +0.008  job 267  ycsb   2000/s  c_idx    799 ns  mem   24.7 MB  cpu 1.04
  step   6 A  auto/default r -0.016  job 250  ycsb   2000/s  c_idx    818 ns  mem   24.7 MB  cpu 1.09
  step   7 A  auto/default r +0.008  job 265  ycsb   2000/s  c_idx    800 ns  mem   24.7 MB  cpu 1.06
  step   8 A  auto/default r -0.006  job 252  ycsb   2000/s  c_idx    803 ns  mem   24.7 MB  cpu 1.05
  step   9 A  auto/default r +0.020  job 272  ycsb   2000/s  c_idx    797 ns  mem   24.8 MB  cpu 1.07
  step  10 A  auto/default r -0.013  job 251  ycsb   2000/s  c_idx    816 ns  mem   24.8 MB  cpu 1.06
  step  11 A  auto/default r +0.015  job 264  ycsb   2000/s  c_idx    800 ns  mem   24.8 MB  cpu 1.06
  step  12 A  auto/default r -0.016  job 240  ycsb   2000/s  c_idx    806 ns  mem   24.8 MB  cpu 1.04
  step  13 A  auto/default r -0.017  job 258  ycsb   2000/s  c_idx    826 ns  mem   24.8 MB  cpu 1.05
  step  14 A  auto/default r -0.030  job 236  ycsb   2000/s  c_idx    807 ns  mem   24.9 MB  cpu 1.05
  step  15 A  auto/default r -0.039  job 260  ycsb   2000/s  c_idx    829 ns  mem   26.9 MB  cpu 1.04
  step  16 A  auto/default r -0.062  job 251  ycsb   2000/s  c_idx    839 ns  mem   27.1 MB  cpu 1.04
  step  17 A  auto/default r -0.051  job 255  ycsb   2000/s  c_idx    849 ns  mem   27.3 MB  cpu 1.06
  step  18 A  auto/default r -0.051  job 255  ycsb   2000/s  c_idx    845 ns  mem   27.9 MB  cpu 1.04
  step  19 A  auto/default r -0.105  job 259  ycsb   2000/s  c_idx    963 ns  mem   30.9 MB  cpu 1.07
  step  20 A  auto/default r -0.077  job 252  ycsb   2000/s  c_idx    894 ns  mem   33.0 MB  cpu 1.06
  step  21 A  auto/default r -0.067  job 258  ycsb   2000/s  c_idx    877 ns  mem   33.4 MB  cpu 1.06
  step  22 A  auto/default r -0.060  job 257  ycsb   2000/s  c_idx    878 ns  mem   33.6 MB  cpu 1.05
  step  23 A  auto/default r -0.055  job 254  ycsb   2000/s  c_idx    864 ns  mem   33.6 MB  cpu 1.05
  step  24 A  auto/default r -0.046  job 251  ycsb   2000/s  c_idx    851 ns  mem   33.7 MB  cpu 1.07
  step  25 A  auto/default r -0.078  job 258  ycsb   2000/s  c_idx    903 ns  mem   33.7 MB  cpu 1.05
  step  26 A  auto/default r -0.066  job 256  ycsb   2000/s  c_idx    872 ns  mem   33.8 MB  cpu 1.07
  step  27 A  auto/default r -0.065  job 260  ycsb   1999/s  c_idx    871 ns  mem   33.8 MB  cpu 1.05
  step  28 A  auto/default r -0.066  job 257  ycsb   2000/s  c_idx    880 ns  mem   33.8 MB  cpu 1.06
  step  29 A  auto/default r -0.057  job 259  ycsb   2000/s  c_idx    871 ns  mem   33.9 MB  cpu 1.04
  step  30 B  auto/default r +0.042  job 148  ycsb  16075/s  c_idx    554 ns  mem   43.1 MB  cpu 0.78
  step  31 B  auto/default r +0.075  job 148  ycsb  16078/s  c_idx    522 ns  mem   44.2 MB  cpu 0.78
  step  32 B  auto/default r +0.016  job 149  ycsb  16159/s  c_idx    593 ns  mem   56.7 MB  cpu 0.78
  step  33 B  auto/default r +0.051  job 147  ycsb  16028/s  c_idx    542 ns  mem   58.1 MB  cpu 0.77
  step  34 B  auto/default r -0.061  job 142  ycsb  15885/s  c_idx    666 ns  mem   73.9 MB  cpu 0.77
  step  35 B  auto/default r +0.048  job 146  ycsb  15994/s  c_idx    548 ns  mem   74.8 MB  cpu 0.77
  step  36 B  auto/default r -0.052  job 148  ycsb  16077/s  c_idx    676 ns  mem   95.3 MB  cpu 0.77
  step  37 B  auto/default r +0.048  job 148  ycsb  16231/s  c_idx    549 ns  mem   97.1 MB  cpu 0.78
  step  38 B  auto/default r +0.050  job 148  ycsb  16036/s  c_idx    562 ns  mem   98.0 MB  cpu 0.77
  step  39 B  auto/default r -0.046  job 148  ycsb  16081/s  c_idx    670 ns  mem  105.6 MB  cpu 0.78
  step  40 B  auto/default r -0.033  job 147  ycsb  16010/s  c_idx    664 ns  mem  126.9 MB  cpu 0.77
  step  41 B  auto/default r +0.019  job 148  ycsb  16095/s  c_idx    594 ns  mem  128.0 MB  cpu 0.78
  step  42 B  auto/default r +0.009  job 148  ycsb  16025/s  c_idx    605 ns  mem  129.0 MB  cpu 0.77
  step  43 B  auto/default r -0.010  job 148  ycsb  16176/s  c_idx    632 ns  mem  130.8 MB  cpu 0.78
  step  44 B  auto/default r -0.333  job 147  ycsb  15473/s  c_idx   1171 ns  mem  163.1 MB  cpu 0.77
  step  45 B  auto/default r +0.024  job 150  ycsb  16090/s  c_idx    599 ns  mem  167.7 MB  cpu 0.78
  step  46 B  auto/default r +0.011  job 148  ycsb  16111/s  c_idx    600 ns  mem  168.8 MB  cpu 0.77
  step  47 B  auto/default r +0.020  job 150  ycsb  16094/s  c_idx    604 ns  mem  169.7 MB  cpu 0.77
  step  48 B  auto/default r +0.006  job 148  ycsb  16186/s  c_idx    615 ns  mem  171.0 MB  cpu 0.78
  step  49 B  auto/default r -0.014  job 146  ycsb  16023/s  c_idx    631 ns  mem  173.6 MB  cpu 0.77
  step  50 B  auto/default r -0.083  job 148  ycsb  16047/s  c_idx    718 ns  mem  218.2 MB  cpu 0.78
  step  51 B  auto/default r -0.029  job 147  ycsb  16186/s  c_idx    651 ns  mem  225.3 MB  cpu 0.78
  step  52 B  auto/default r -0.006  job 146  ycsb  16168/s  c_idx    612 ns  mem  226.7 MB  cpu 0.77
  step  53 B  auto/default r +0.004  job 149  ycsb  16209/s  c_idx    618 ns  mem  227.8 MB  cpu 0.78
  step  54 B  auto/default r -0.049  job 145  ycsb  15925/s  c_idx    654 ns  mem  228.6 MB  cpu 0.77
  step  55 B  auto/default r -0.012  job 148  ycsb  16039/s  c_idx    634 ns  mem  229.8 MB  cpu 0.78
  step  56 B  auto/default r -0.032  job 148  ycsb  16109/s  c_idx    652 ns  mem  231.5 MB  cpu 0.77
  step  57 B  auto/default r -0.115  job 144  ycsb  16044/s  c_idx    741 ns  mem  240.9 MB  cpu 0.77
  step  58 B  auto/default r -0.268  job 147  ycsb  15991/s  c_idx   1015 ns  mem  284.9 MB  cpu 0.78
  step  59 B  auto/default r -0.012  job 148  ycsb  16145/s  c_idx    635 ns  mem  296.5 MB  cpu 0.78
  -> return -1.71, mean reward -0.029, 0 switches, actions {'auto/default': 60}

[24/30] arm selix, seed 2002, repeat 1: index of 1000000 keys built in 1.04 s
  step   0 A   off/default r +0.124  job 394  ycsb   2000/s  c_idx    853 ns  mem   24.7 MB  cpu 1.06
  step   1 A   off/default r +0.175  job 381  ycsb   2000/s  c_idx    848 ns  mem   24.7 MB  cpu 1.08
  step   2 A   off/default r +0.168  job 389  ycsb   2000/s  c_idx    856 ns  mem   24.7 MB  cpu 1.08
  step   3 A   off/default r +0.178  job 406  ycsb   2000/s  c_idx    867 ns  mem   24.7 MB  cpu 1.09
  step   4 A   off/default r +0.182  job 402  ycsb   2000/s  c_idx    853 ns  mem   24.7 MB  cpu 1.08
  step   5 A   off/default r +0.175  job 383  ycsb   2000/s  c_idx    857 ns  mem   24.7 MB  cpu 1.08
  step   6 A   off/default r +0.167  job 385  ycsb   2000/s  c_idx    864 ns  mem   24.7 MB  cpu 1.08
  step   7 A   off/default r +0.177  job 404  ycsb   2000/s  c_idx    876 ns  mem   24.7 MB  cpu 1.06
  step   8 A   off/default r +0.179  job 405  ycsb   2000/s  c_idx    870 ns  mem   24.8 MB  cpu 1.07
  step   9 A   off/default r +0.174  job 393  ycsb   2000/s  c_idx    875 ns  mem   24.8 MB  cpu 1.08
  step  10 A   off/default r +0.161  job 379  ycsb   2000/s  c_idx    867 ns  mem   24.8 MB  cpu 1.07
  step  11 A   off/default r +0.176  job 398  ycsb   2000/s  c_idx    871 ns  mem   24.8 MB  cpu 1.09
  step  12 A   off/default r +0.165  job 405  ycsb   2000/s  c_idx    883 ns  mem   24.8 MB  cpu 1.08
  step  13 A   off/default r +0.176  job 396  ycsb   2000/s  c_idx    870 ns  mem   24.9 MB  cpu 1.08
  step  14 A   off/default r +0.128  job 380  ycsb   2000/s  c_idx    891 ns  mem   26.9 MB  cpu 1.06
  step  15 A   off/default r +0.139  job 394  ycsb   2000/s  c_idx    905 ns  mem   27.0 MB  cpu 1.06
  step  16 A   off/default r +0.141  job 408  ycsb   2000/s  c_idx    899 ns  mem   27.1 MB  cpu 1.07
  step  17 A   off/default r +0.149  job 413  ycsb   2000/s  c_idx    909 ns  mem   27.3 MB  cpu 1.07
  step  18 A   off/default r +0.105  job 376  ycsb   2000/s  c_idx    921 ns  mem   28.6 MB  cpu 1.08
  step  19 A   off/default r +0.001  job 391  ycsb   2000/s  c_idx   1145 ns  mem   32.2 MB  cpu 1.09
  step  20 A   off/default r +0.126  job 397  ycsb   2000/s  c_idx    915 ns  mem   33.3 MB  cpu 1.07
  step  21 A   off/default r +0.122  job 414  ycsb   2000/s  c_idx    941 ns  mem   33.5 MB  cpu 1.09
  step  22 A   off/default r +0.103  job 378  ycsb   2000/s  c_idx    946 ns  mem   33.6 MB  cpu 1.07
  step  23 A   off/default r +0.108  job 381  ycsb   2000/s  c_idx    941 ns  mem   33.7 MB  cpu 1.06
  step  24 A   off/default r +0.126  job 394  ycsb   2000/s  c_idx    927 ns  mem   33.7 MB  cpu 1.07
  step  25 A   off/default r +0.133  job 417  ycsb   2000/s  c_idx    929 ns  mem   33.8 MB  cpu 1.09
  step  26 A   off/default r +0.120  job 395  ycsb   2000/s  c_idx    940 ns  mem   33.8 MB  cpu 1.08
  step  27 A   off/default r +0.121  job 382  ycsb   2000/s  c_idx    918 ns  mem   33.8 MB  cpu 1.08
  step  28 A   off/default r +0.127  job 408  ycsb   2000/s  c_idx    946 ns  mem   33.9 MB  cpu 1.07
  step  29 A   off/default r +0.119  job 417  ycsb   2000/s  c_idx    966 ns  mem   33.9 MB  cpu 1.09
  step  30 B   off/default r +0.272  job 229  ycsb  17027/s  c_idx    545 ns  mem   43.3 MB  cpu 0.82
  step  31 B   off/default r +0.297  job 229  ycsb  17136/s  c_idx    516 ns  mem   44.5 MB  cpu 0.79
  step  32 B   off/default r +0.194  job 241  ycsb  17087/s  c_idx    650 ns  mem   56.8 MB  cpu 0.79
  step  33 B   off/default r +0.191  job 232  ycsb  17098/s  c_idx    588 ns  mem   69.0 MB  cpu 0.79
  step  34 B   off/default r +0.276  job 232  ycsb  17032/s  c_idx    548 ns  mem   74.2 MB  cpu 0.79
  step  35 B   off/default r +0.265  job 232  ycsb  17137/s  c_idx    559 ns  mem   75.4 MB  cpu 0.79
  step  36 B   off/default r +0.131  job 222  ycsb  17172/s  c_idx    705 ns  mem   96.5 MB  cpu 0.79
  step  37 B   off/default r +0.257  job 230  ycsb  17136/s  c_idx    558 ns  mem  101.6 MB  cpu 0.80
  step  38 B   off/default r +0.246  job 226  ycsb  17072/s  c_idx    575 ns  mem  103.0 MB  cpu 0.79
  step  39 B   off/default r +0.034  job 216  ycsb  17043/s  c_idx    784 ns  mem  130.2 MB  cpu 0.79
  step  40 B   off/default r +0.235  job 230  ycsb  17125/s  c_idx    595 ns  mem  131.7 MB  cpu 0.79
  step  41 B   off/default r +0.218  job 228  ycsb  17103/s  c_idx    608 ns  mem  132.7 MB  cpu 0.79
  step  42 B   off/default r +0.203  job 229  ycsb  17073/s  c_idx    626 ns  mem  134.3 MB  cpu 0.79
  step  43 B   off/default r +0.103  job 241  ycsb  17049/s  c_idx    709 ns  mem  165.6 MB  cpu 0.79
  step  44 B   off/default r +0.208  job 234  ycsb  17153/s  c_idx    615 ns  mem  171.7 MB  cpu 0.79
  step  45 B   off/default r +0.230  job 233  ycsb  17056/s  c_idx    608 ns  mem  172.9 MB  cpu 0.79
  step  46 B   off/default r +0.220  job 238  ycsb  17019/s  c_idx    621 ns  mem  173.9 MB  cpu 0.79
  step  47 B   off/default r +0.190  job 223  ycsb  17085/s  c_idx    634 ns  mem  175.3 MB  cpu 0.79
  step  48 B   off/default r +0.166  job 228  ycsb  17043/s  c_idx    669 ns  mem  180.6 MB  cpu 0.79
  step  49 B   off/default r +0.068  job 223  ycsb  16782/s  c_idx    729 ns  mem  222.9 MB  cpu 0.79
  step  50 B   off/default r +0.203  job 218  ycsb  17111/s  c_idx    607 ns  mem  225.9 MB  cpu 0.79
  step  51 B   off/default r +0.225  job 229  ycsb  16997/s  c_idx    608 ns  mem  227.1 MB  cpu 0.79
  step  52 B   off/default r +0.221  job 229  ycsb  17144/s  c_idx    609 ns  mem  228.2 MB  cpu 0.79
  step  53 B   off/default r +0.201  job 229  ycsb  17047/s  c_idx    632 ns  mem  229.2 MB  cpu 0.79
  step  54 B   off/default r +0.208  job 241  ycsb  17099/s  c_idx    637 ns  mem  230.6 MB  cpu 0.79
  step  55 B   off/default r +0.183  job 233  ycsb  17067/s  c_idx    658 ns  mem  233.1 MB  cpu 0.79
  step  56 B   off/default r -0.002  job 233  ycsb  17016/s  c_idx    909 ns  mem  265.3 MB  cpu 0.79
  step  57 B   off/default r +0.112  job 234  ycsb  17073/s  c_idx    687 ns  mem  295.7 MB  cpu 0.79
  step  58 B   off/default r +0.181  job 224  ycsb  17179/s  c_idx    619 ns  mem  298.2 MB  cpu 0.79
  step  59 B   off/default r +0.199  job 228  ycsb  16884/s  c_idx    637 ns  mem  299.5 MB  cpu 0.79
  -> return +9.98, mean reward +0.166, 1 switches, actions {'off/default': 60}

[25/30] arm both, seed 2002, repeat 1: index of 1000000 keys built in 1.04 s
  step   0 A  auto/default r -0.013  job 255  ycsb   2000/s  c_idx    814 ns  mem   24.7 MB  cpu 1.06
  step   1 A  auto/default r +0.010  job 260  ycsb   2000/s  c_idx    781 ns  mem   24.7 MB  cpu 1.04
  step   2 A  auto/default r -0.016  job 245  ycsb   2000/s  c_idx    792 ns  mem   24.7 MB  cpu 1.07
  step   3 A  auto/default r -0.001  job 272  ycsb   2000/s  c_idx    806 ns  mem   24.7 MB  cpu 1.05
  step   4 A  auto/default r -0.007  job 250  ycsb   2000/s  c_idx    800 ns  mem   24.7 MB  cpu 1.05
  step   5 A  auto/default r +0.021  job 273  ycsb   2000/s  c_idx    795 ns  mem   24.7 MB  cpu 1.06
  step   6 A  auto/default r -0.015  job 250  ycsb   2000/s  c_idx    816 ns  mem   24.7 MB  cpu 1.06
  step   7 A  auto/default r -0.015  job 263  ycsb   2000/s  c_idx    827 ns  mem   24.7 MB  cpu 1.05
  step   8 A  auto/default r -0.012  job 245  ycsb   2000/s  c_idx    799 ns  mem   24.7 MB  cpu 1.05
  step   9 A  auto/default r +0.011  job 278  ycsb   2000/s  c_idx    806 ns  mem   24.8 MB  cpu 1.06
  step  10 A  auto/default r -0.001  job 246  ycsb   2000/s  c_idx    798 ns  mem   24.8 MB  cpu 1.06
  step  11 A  auto/default r +0.005  job 270  ycsb   2000/s  c_idx    807 ns  mem   24.8 MB  cpu 1.06
  step  12 A  auto/default r -0.047  job 240  ycsb   1999/s  c_idx    843 ns  mem   26.8 MB  cpu 1.05
  step  13 A  auto/default r -0.033  job 272  ycsb   2000/s  c_idx    834 ns  mem   26.9 MB  cpu 1.05
  step  14 A  auto/default r -0.059  job 235  ycsb   2000/s  c_idx    840 ns  mem   26.9 MB  cpu 1.05
  step  15 A  auto/default r -0.040  job 270  ycsb   2000/s  c_idx    848 ns  mem   27.0 MB  cpu 1.05
  step  16 A  auto/default r -0.070  job 236  ycsb   2000/s  c_idx    855 ns  mem   27.0 MB  cpu 1.04
  step  17 A  auto/default r -0.063  job 257  ycsb   2000/s  c_idx    853 ns  mem   27.2 MB  cpu 1.06
  step  18 A  auto/default r -0.042  job 256  ycsb   2000/s  c_idx    841 ns  mem   27.6 MB  cpu 1.04
  step  19 A  auto/default r -0.127  job 258  ycsb   2000/s  c_idx    989 ns  mem   30.6 MB  cpu 1.05
  step  20 A  auto/default r -0.091  job 258  ycsb   2000/s  c_idx    923 ns  mem   33.0 MB  cpu 1.05
  step  21 A  auto/default r -0.081  job 253  ycsb   2000/s  c_idx    896 ns  mem   33.4 MB  cpu 1.05
  step  22 A  auto/default r -0.055  job 263  ycsb   2000/s  c_idx    865 ns  mem   33.5 MB  cpu 1.05
  step  23 A  auto/default r -0.050  job 254  ycsb   2000/s  c_idx    862 ns  mem   33.6 MB  cpu 1.04
  step  24 A  auto/default r -0.054  job 272  ycsb   2000/s  c_idx    872 ns  mem   33.7 MB  cpu 1.07
  step  25 A  auto/default r -0.073  job 253  ycsb   2000/s  c_idx    872 ns  mem   33.7 MB  cpu 1.06
  step  26 A  auto/default r -0.081  job 267  ycsb   2000/s  c_idx    910 ns  mem   33.8 MB  cpu 1.08
  step  27 A  auto/default r -0.082  job 246  ycsb   2000/s  c_idx    877 ns  mem   33.8 MB  cpu 1.05
  step  28 A  auto/default r -0.052  job 273  ycsb   2000/s  c_idx    871 ns  mem   33.8 MB  cpu 1.07
  step  29 A  auto/default r -0.072  job 243  ycsb   2000/s  c_idx    894 ns  mem   33.9 MB  cpu 1.06
  step  30 B  auto/default r +0.024  job 145  ycsb  16128/s  c_idx    567 ns  mem   43.1 MB  cpu 0.79
  step  31 B  auto/default r +0.077  job 148  ycsb  16069/s  c_idx    521 ns  mem   44.2 MB  cpu 0.77
  step  32 B  auto/default r +0.030  job 146  ycsb  15987/s  c_idx    565 ns  mem   56.7 MB  cpu 0.77
  step  33 B  auto/default r +0.062  job 150  ycsb  16068/s  c_idx    546 ns  mem   57.9 MB  cpu 0.77
  step  34 B  auto/default r -0.044  job 147  ycsb  16222/s  c_idx    657 ns  mem   73.9 MB  cpu 0.77
  step  35 B  auto/default r +0.039  job 149  ycsb  15989/s  c_idx    569 ns  mem   74.8 MB  cpu 0.78
  step  36 B  auto/default r -0.050  job 146  ycsb  16080/s  c_idx    666 ns  mem   95.4 MB  cpu 0.78
  step  37 B  auto/default r +0.049  job 147  ycsb  16113/s  c_idx    552 ns  mem   97.1 MB  cpu 0.77
  step  38 B  auto/default r +0.052  job 148  ycsb  16202/s  c_idx    563 ns  mem   98.1 MB  cpu 0.78
  step  39 B  auto/default r -0.014  job 146  ycsb  16098/s  c_idx    624 ns  mem  106.2 MB  cpu 0.77
  step  40 B  auto/default r -0.036  job 148  ycsb  16044/s  c_idx    662 ns  mem  127.0 MB  cpu 0.78
  step  41 B  auto/default r +0.030  job 149  ycsb  16154/s  c_idx    593 ns  mem  128.0 MB  cpu 0.78
  step  42 B  auto/default r +0.007  job 147  ycsb  16065/s  c_idx    606 ns  mem  129.1 MB  cpu 0.77
  step  43 B  auto/default r -0.009  job 148  ycsb  16027/s  c_idx    625 ns  mem  130.8 MB  cpu 0.78
  step  44 B  auto/default r -0.138  job 149  ycsb  16048/s  c_idx    817 ns  mem  164.4 MB  cpu 0.78
  step  45 B  auto/default r -0.012  job 141  ycsb  15985/s  c_idx    619 ns  mem  167.7 MB  cpu 0.77
  step  46 B  auto/default r +0.009  job 145  ycsb  15992/s  c_idx    605 ns  mem  168.8 MB  cpu 0.77
  step  47 B  auto/default r +0.017  job 150  ycsb  16108/s  c_idx    607 ns  mem  169.8 MB  cpu 0.78
  step  48 B  auto/default r +0.001  job 149  ycsb  16035/s  c_idx    622 ns  mem  171.1 MB  cpu 0.78
  step  49 B  auto/default r -0.042  job 146  ycsb  16058/s  c_idx    649 ns  mem  180.1 MB  cpu 0.77
  step  50 B  auto/default r -0.159  job 145  ycsb  16007/s  c_idx    831 ns  mem  218.7 MB  cpu 0.77
  step  51 B  auto/default r -0.013  job 146  ycsb  16084/s  c_idx    627 ns  mem  225.4 MB  cpu 0.77
  step  52 B  auto/default r +0.001  job 146  ycsb  16126/s  c_idx    612 ns  mem  226.7 MB  cpu 0.78
  step  53 B  auto/default r -0.003  job 146  ycsb  16203/s  c_idx    617 ns  mem  227.7 MB  cpu 0.77
  step  54 B  auto/default r -0.009  job 148  ycsb  16150/s  c_idx    623 ns  mem  228.7 MB  cpu 0.78
  step  55 B  auto/default r -0.041  job 146  ycsb  15910/s  c_idx    660 ns  mem  229.8 MB  cpu 0.77
  step  56 B  auto/default r -0.043  job 144  ycsb  16130/s  c_idx    654 ns  mem  231.6 MB  cpu 0.77
  step  57 B  auto/default r -0.110  job 148  ycsb  16211/s  c_idx    745 ns  mem  240.9 MB  cpu 0.78
  step  58 B  auto/default r -0.384  job 148  ycsb  16053/s  c_idx   1284 ns  mem  286.8 MB  cpu 0.78
  step  59 B  auto/default r -0.031  job 147  ycsb  16074/s  c_idx    642 ns  mem  296.7 MB  cpu 0.77
  -> return -1.94, mean reward -0.032, 0 switches, actions {'auto/default': 60}

[26/30] arm none, seed 2003, repeat 1: index of 1000000 keys built in 1.04 s
  step   0 A   off/default r +0.154  job 436  ycsb   2000/s  c_idx    848 ns  mem   24.7 MB  cpu 1.07
  step   1 A   off/default r +0.186  job 400  ycsb   2000/s  c_idx    847 ns  mem   24.7 MB  cpu 1.07
  step   2 A   off/default r +0.195  job 386  ycsb   2000/s  c_idx    829 ns  mem   24.7 MB  cpu 1.06
  step   3 A   off/default r +0.160  job 366  ycsb   2000/s  c_idx    844 ns  mem   24.7 MB  cpu 1.08
  step   4 A   off/default r +0.193  job 419  ycsb   2000/s  c_idx    852 ns  mem   24.7 MB  cpu 1.09
  step   5 A   off/default r +0.191  job 410  ycsb   2000/s  c_idx    858 ns  mem   24.7 MB  cpu 1.08
  step   6 A   off/default r +0.180  job 397  ycsb   2000/s  c_idx    863 ns  mem   24.7 MB  cpu 1.06
  step   7 A   off/default r +0.165  job 373  ycsb   2000/s  c_idx    851 ns  mem   24.7 MB  cpu 1.07
  step   8 A   off/default r +0.191  job 401  ycsb   2000/s  c_idx    857 ns  mem   24.8 MB  cpu 1.08
  step   9 A   off/default r +0.200  job 418  ycsb   2000/s  c_idx    854 ns  mem   24.8 MB  cpu 1.10
  step  10 A   off/default r +0.176  job 383  ycsb   2000/s  c_idx    856 ns  mem   24.8 MB  cpu 1.07
  step  11 A   off/default r +0.169  job 377  ycsb   2000/s  c_idx    854 ns  mem   24.8 MB  cpu 1.09
  step  12 A   off/default r +0.162  job 380  ycsb   2000/s  c_idx    871 ns  mem   24.8 MB  cpu 1.08
  step  13 A   off/default r +0.195  job 428  ycsb   2000/s  c_idx    868 ns  mem   24.9 MB  cpu 1.07
  step  14 A   off/default r +0.197  job 407  ycsb   2000/s  c_idx    851 ns  mem   24.9 MB  cpu 1.09
  step  15 A   off/default r +0.170  job 388  ycsb   2000/s  c_idx    868 ns  mem   25.0 MB  cpu 1.06
  step  16 A   off/default r +0.161  job 386  ycsb   2000/s  c_idx    876 ns  mem   25.1 MB  cpu 1.06
  step  17 A   off/default r +0.186  job 437  ycsb   2000/s  c_idx    884 ns  mem   25.3 MB  cpu 1.08
  step  18 A   off/default r +0.150  job 398  ycsb   2000/s  c_idx    890 ns  mem   26.8 MB  cpu 1.09
  step  19 A   off/default r +0.029  job 376  ycsb   2000/s  c_idx   1089 ns  mem   30.4 MB  cpu 1.07
  step  20 A   off/default r +0.120  job 366  ycsb   2000/s  c_idx    923 ns  mem   31.1 MB  cpu 1.08
  step  21 A   off/default r +0.155  job 418  ycsb   2000/s  c_idx    920 ns  mem   31.4 MB  cpu 1.08
  step  22 A   off/default r +0.170  job 420  ycsb   2000/s  c_idx    910 ns  mem   31.6 MB  cpu 1.08
  step  23 A   off/default r +0.159  job 383  ycsb   2000/s  c_idx    891 ns  mem   31.7 MB  cpu 1.06
  step  24 A   off/default r +0.127  job 368  ycsb   2000/s  c_idx    918 ns  mem   31.7 MB  cpu 1.09
  step  25 A   off/default r +0.154  job 404  ycsb   2000/s  c_idx    912 ns  mem   31.8 MB  cpu 1.09
  step  26 A   off/default r +0.175  job 426  ycsb   2000/s  c_idx    902 ns  mem   31.8 MB  cpu 1.09
  step  27 A   off/default r +0.151  job 396  ycsb   2000/s  c_idx    911 ns  mem   31.8 MB  cpu 1.07
  step  28 A   off/default r +0.137  job 374  ycsb   2000/s  c_idx    915 ns  mem   31.9 MB  cpu 1.08
  step  29 A   off/default r +0.141  job 378  ycsb   2000/s  c_idx    912 ns  mem   31.9 MB  cpu 1.07
  step  30 B   off/default r +0.300  job 237  ycsb  16927/s  c_idx    531 ns  mem   41.3 MB  cpu 0.82
  step  31 B   off/default r +0.319  job 226  ycsb  17116/s  c_idx    508 ns  mem   42.5 MB  cpu 0.79
  step  32 B   off/default r +0.250  job 227  ycsb  17144/s  c_idx    578 ns  mem   54.8 MB  cpu 0.79
  step  33 B   off/default r +0.212  job 240  ycsb  17134/s  c_idx    570 ns  mem   69.1 MB  cpu 0.79
  step  34 B   off/default r +0.280  job 221  ycsb  17107/s  c_idx    539 ns  mem   74.1 MB  cpu 0.79
  step  35 B   off/default r +0.271  job 232  ycsb  17128/s  c_idx    545 ns  mem   75.6 MB  cpu 0.79
  step  36 B   off/default r +0.205  job 228  ycsb  17100/s  c_idx    622 ns  mem   96.4 MB  cpu 0.79
  step  37 B   off/default r +0.262  job 217  ycsb  17144/s  c_idx    550 ns  mem   97.5 MB  cpu 0.79
  step  38 B   off/default r +0.256  job 234  ycsb  17081/s  c_idx    569 ns  mem   99.2 MB  cpu 0.79
  step  39 B   off/default r +0.098  job 231  ycsb  17025/s  c_idx    729 ns  mem  126.1 MB  cpu 0.79
  step  40 B   off/default r +0.245  job 221  ycsb  16939/s  c_idx    575 ns  mem  127.7 MB  cpu 0.79
  step  41 B   off/default r +0.266  job 237  ycsb  17108/s  c_idx    568 ns  mem  128.7 MB  cpu 0.79
  step  42 B   off/default r +0.245  job 225  ycsb  17111/s  c_idx    587 ns  mem  130.3 MB  cpu 0.79
  step  43 B   off/default r +0.130  job 227  ycsb  17027/s  c_idx    660 ns  mem  161.8 MB  cpu 0.79
  step  44 B   off/default r +0.269  job 246  ycsb  17145/s  c_idx    565 ns  mem  167.6 MB  cpu 0.79
  step  45 B   off/default r +0.257  job 221  ycsb  17085/s  c_idx    576 ns  mem  168.7 MB  cpu 0.79
  step  46 B   off/default r +0.243  job 227  ycsb  17144/s  c_idx    579 ns  mem  169.7 MB  cpu 0.79
  step  47 B   off/default r +0.238  job 232  ycsb  17088/s  c_idx    600 ns  mem  170.9 MB  cpu 0.79
  step  48 B   off/default r +0.211  job 223  ycsb  17085/s  c_idx    611 ns  mem  182.3 MB  cpu 0.79
  step  49 B   off/default r +0.045  job 234  ycsb  16988/s  c_idx    777 ns  mem  222.9 MB  cpu 0.79
  step  50 B   off/default r +0.207  job 229  ycsb  16892/s  c_idx    614 ns  mem  225.8 MB  cpu 0.79
  step  51 B   off/default r +0.240  job 222  ycsb  17064/s  c_idx    583 ns  mem  227.0 MB  cpu 0.79
  step  52 B   off/default r +0.245  job 237  ycsb  17074/s  c_idx    590 ns  mem  227.9 MB  cpu 0.79
  step  53 B   off/default r +0.244  job 230  ycsb  17100/s  c_idx    591 ns  mem  228.8 MB  cpu 0.79
  step  54 B   off/default r +0.228  job 229  ycsb  17105/s  c_idx    604 ns  mem  230.3 MB  cpu 0.79
  step  55 B   off/default r +0.154  job 241  ycsb  17129/s  c_idx    703 ns  mem  235.9 MB  cpu 0.79
  step  56 B   off/default r -0.038  job 227  ycsb  16980/s  c_idx    966 ns  mem  266.3 MB  cpu 0.79
  step  57 B   off/default r +0.124  job 225  ycsb  17030/s  c_idx    655 ns  mem  295.3 MB  cpu 0.79
  step  58 B   off/default r +0.218  job 235  ycsb  17102/s  c_idx    589 ns  mem  298.0 MB  cpu 0.79
  step  59 B   off/default r +0.243  job 221  ycsb  17103/s  c_idx    577 ns  mem  299.3 MB  cpu 0.79
  -> return +11.36, mean reward +0.189, 1 switches, actions {'off/default': 60}

[27/30] arm nqo, seed 2003, repeat 1: index of 1000000 keys built in 1.07 s
  step   0 A  auto/default r -0.010  job 268  ycsb   2000/s  c_idx    798 ns  mem   24.7 MB  cpu 1.05
  step   1 A  auto/default r -0.006  job 242  ycsb   2000/s  c_idx    792 ns  mem   24.7 MB  cpu 1.04
  step   2 A  auto/default r -0.025  job 271  ycsb   2000/s  c_idx    818 ns  mem   24.7 MB  cpu 1.06
  step   3 A  auto/default r -0.001  job 246  ycsb   2000/s  c_idx    794 ns  mem   24.7 MB  cpu 1.06
  step   4 A  auto/default r +0.008  job 272  ycsb   2000/s  c_idx    796 ns  mem   24.7 MB  cpu 1.05
  step   5 A  auto/default r -0.006  job 246  ycsb   2000/s  c_idx    788 ns  mem   24.7 MB  cpu 1.06
  step   6 A  auto/default r -0.001  job 272  ycsb   2000/s  c_idx    798 ns  mem   24.7 MB  cpu 1.06
  step   7 A  auto/default r -0.009  job 252  ycsb   2000/s  c_idx    804 ns  mem   24.7 MB  cpu 1.03
  step   8 A  auto/default r +0.002  job 276  ycsb   2000/s  c_idx    820 ns  mem   24.7 MB  cpu 1.07
  step   9 A  auto/default r +0.007  job 257  ycsb   2000/s  c_idx    802 ns  mem   24.7 MB  cpu 1.07
  step  10 A  auto/default r +0.004  job 265  ycsb   2000/s  c_idx    806 ns  mem   24.8 MB  cpu 1.06
  step  11 A  auto/default r +0.002  job 255  ycsb   2000/s  c_idx    804 ns  mem   24.8 MB  cpu 1.05
  step  12 A  auto/default r -0.014  job 255  ycsb   2000/s  c_idx    823 ns  mem   24.8 MB  cpu 1.05
  step  13 A  auto/default r -0.006  job 252  ycsb   2000/s  c_idx    801 ns  mem   24.8 MB  cpu 1.05
  step  14 A  auto/default r -0.007  job 251  ycsb   2000/s  c_idx    812 ns  mem   24.9 MB  cpu 1.05
  step  15 A  auto/default r -0.010  job 263  ycsb   2000/s  c_idx    821 ns  mem   25.0 MB  cpu 1.04
  step  16 A  auto/default r -0.012  job 256  ycsb   2000/s  c_idx    811 ns  mem   25.0 MB  cpu 1.06
  step  17 A  auto/default r -0.019  job 268  ycsb   2000/s  c_idx    825 ns  mem   25.2 MB  cpu 1.05
  step  18 A  auto/default r -0.066  job 248  ycsb   1999/s  c_idx    909 ns  mem   26.1 MB  cpu 1.06
  step  19 A  auto/default r -0.066  job 275  ycsb   2000/s  c_idx    912 ns  mem   28.8 MB  cpu 1.07
  step  20 A  auto/default r -0.085  job 242  ycsb   2000/s  c_idx    924 ns  mem   31.1 MB  cpu 1.07
  step  21 A  auto/default r -0.046  job 280  ycsb   2000/s  c_idx    883 ns  mem   31.4 MB  cpu 1.06
  step  22 A  auto/default r -0.036  job 242  ycsb   2000/s  c_idx    852 ns  mem   31.6 MB  cpu 1.07
  step  23 A  auto/default r -0.027  job 281  ycsb   2000/s  c_idx    859 ns  mem   31.6 MB  cpu 1.06
  step  24 A  auto/default r -0.041  job 234  ycsb   2000/s  c_idx    846 ns  mem   31.7 MB  cpu 1.06
  step  25 A  auto/default r -0.032  job 272  ycsb   2000/s  c_idx    856 ns  mem   31.7 MB  cpu 1.04
  step  26 A  auto/default r -0.038  job 246  ycsb   2000/s  c_idx    848 ns  mem   31.8 MB  cpu 1.05
  step  27 A  auto/default r -0.035  job 271  ycsb   2000/s  c_idx    858 ns  mem   31.8 MB  cpu 1.05
  step  28 A  auto/default r -0.040  job 243  ycsb   2000/s  c_idx    850 ns  mem   31.8 MB  cpu 1.06
  step  29 A  auto/default r -0.032  job 273  ycsb   2000/s  c_idx    868 ns  mem   31.9 MB  cpu 1.06
  step  30 B  auto/default r +0.044  job 142  ycsb  16073/s  c_idx    549 ns  mem   41.1 MB  cpu 0.79
  step  31 B  auto/default r +0.088  job 148  ycsb  16106/s  c_idx    522 ns  mem   42.2 MB  cpu 0.77
  step  32 B  auto/default r +0.046  job 147  ycsb  16046/s  c_idx    560 ns  mem   54.7 MB  cpu 0.78
  step  33 B  auto/default r +0.050  job 147  ycsb  16153/s  c_idx    552 ns  mem   55.9 MB  cpu 0.77
  step  34 B  auto/default r +0.016  job 149  ycsb  15969/s  c_idx    603 ns  mem   71.9 MB  cpu 0.77
  step  35 B  auto/default r +0.047  job 147  ycsb  16105/s  c_idx    556 ns  mem   72.8 MB  cpu 0.77
  step  36 B  auto/default r -0.037  job 144  ycsb  15815/s  c_idx    646 ns  mem   93.3 MB  cpu 0.77
  step  37 B  auto/default r +0.043  job 147  ycsb  16094/s  c_idx    561 ns  mem   95.1 MB  cpu 0.78
  step  38 B  auto/default r +0.045  job 148  ycsb  15977/s  c_idx    575 ns  mem   96.1 MB  cpu 0.78
  step  39 B  auto/default r +0.006  job 147  ycsb  16040/s  c_idx    611 ns  mem  104.2 MB  cpu 0.78
  step  40 B  auto/default r -0.150  job 142  ycsb  15982/s  c_idx    828 ns  mem  126.8 MB  cpu 0.77
  step  41 B  auto/default r +0.028  job 147  ycsb  16053/s  c_idx    583 ns  mem  128.0 MB  cpu 0.77
  step  42 B  auto/default r +0.017  job 147  ycsb  16014/s  c_idx    596 ns  mem  129.0 MB  cpu 0.77
  step  43 B  auto/default r +0.005  job 149  ycsb  16080/s  c_idx    620 ns  mem  131.0 MB  cpu 0.78
  step  44 B  auto/default r -0.124  job 148  ycsb  15952/s  c_idx    785 ns  mem  164.5 MB  cpu 0.78
  step  45 B  auto/default r +0.018  job 148  ycsb  16103/s  c_idx    594 ns  mem  167.7 MB  cpu 0.78
  step  46 B  auto/default r +0.005  job 147  ycsb  15867/s  c_idx    614 ns  mem  168.8 MB  cpu 0.78
  step  47 B  auto/default r +0.013  job 144  ycsb  16002/s  c_idx    602 ns  mem  169.6 MB  cpu 0.78
  step  48 B  auto/default r -0.002  job 147  ycsb  16073/s  c_idx    618 ns  mem  170.9 MB  cpu 0.78
  step  49 B  auto/default r -0.035  job 147  ycsb  16011/s  c_idx    645 ns  mem  179.6 MB  cpu 0.77
  step  50 B  auto/default r -0.158  job 149  ycsb  15976/s  c_idx    837 ns  mem  218.8 MB  cpu 0.78
  step  51 B  auto/default r +0.003  job 147  ycsb  16175/s  c_idx    609 ns  mem  225.4 MB  cpu 0.77
  step  52 B  auto/default r +0.002  job 146  ycsb  15977/s  c_idx    614 ns  mem  226.7 MB  cpu 0.78
  step  53 B  auto/default r -0.003  job 146  ycsb  16059/s  c_idx    615 ns  mem  227.7 MB  cpu 0.77
  step  54 B  auto/default r -0.001  job 148  ycsb  16092/s  c_idx    613 ns  mem  228.5 MB  cpu 0.78
  step  55 B  auto/default r -0.006  job 149  ycsb  16028/s  c_idx    629 ns  mem  229.6 MB  cpu 0.78
  step  56 B  auto/default r -0.042  job 147  ycsb  15899/s  c_idx    663 ns  mem  231.3 MB  cpu 0.78
  step  57 B  auto/default r -0.107  job 148  ycsb  16048/s  c_idx    760 ns  mem  239.6 MB  cpu 0.77
  step  58 B  auto/default r -0.312  job 147  ycsb  15783/s  c_idx   1087 ns  mem  285.0 MB  cpu 0.78
  step  59 B  auto/default r -0.084  job 148  ycsb  15964/s  c_idx    721 ns  mem  296.4 MB  cpu 0.78
  -> return -1.23, mean reward -0.020, 0 switches, actions {'auto/default': 60}

[28/30] arm selix, seed 2003, repeat 1: index of 1000000 keys built in 1.04 s
  step   0 A   off/default r +0.135  job 406  ycsb   2000/s  c_idx    842 ns  mem   24.7 MB  cpu 1.09
  step   1 A   off/default r +0.193  job 406  ycsb   2000/s  c_idx    844 ns  mem   24.7 MB  cpu 1.07
  step   2 A   off/default r +0.171  job 378  ycsb   2000/s  c_idx    840 ns  mem   24.7 MB  cpu 1.09
  step   3 A   off/default r +0.160  job 374  ycsb   2000/s  c_idx    851 ns  mem   24.7 MB  cpu 1.09
  step   4 A   off/default r +0.154  job 389  ycsb   2000/s  c_idx    885 ns  mem   24.7 MB  cpu 1.08
  step   5 A   off/default r +0.196  job 423  ycsb   2000/s  c_idx    860 ns  mem   24.7 MB  cpu 1.09
  step   6 A   off/default r +0.184  job 393  ycsb   2000/s  c_idx    856 ns  mem   24.7 MB  cpu 1.08
  step   7 A   off/default r +0.182  job 377  ycsb   2000/s  c_idx    833 ns  mem   24.7 MB  cpu 1.07
  step   8 A   off/default r +0.186  job 387  ycsb   2000/s  c_idx    848 ns  mem   24.7 MB  cpu 1.09
  step   9 A   off/default r +0.217  job 431  ycsb   2000/s  c_idx    831 ns  mem   24.8 MB  cpu 1.07
  step  10 A   off/default r +0.195  job 400  ycsb   2000/s  c_idx    846 ns  mem   24.8 MB  cpu 1.08
  step  11 A   off/default r +0.186  job 394  ycsb   2000/s  c_idx    838 ns  mem   24.8 MB  cpu 1.06
  step  12 A   off/default r +0.171  job 377  ycsb   2000/s  c_idx    853 ns  mem   24.8 MB  cpu 1.07
  step  13 A   off/default r +0.179  job 418  ycsb   2000/s  c_idx    881 ns  mem   24.9 MB  cpu 1.06
  step  14 A   off/default r +0.189  job 403  ycsb   2000/s  c_idx    853 ns  mem   24.9 MB  cpu 1.08
  step  15 A   off/default r +0.173  job 399  ycsb   2000/s  c_idx    860 ns  mem   25.0 MB  cpu 1.08
  step  16 A   off/default r +0.173  job 374  ycsb   2000/s  c_idx    842 ns  mem   25.1 MB  cpu 1.07
  step  17 A   off/default r +0.195  job 413  ycsb   2000/s  c_idx    853 ns  mem   25.4 MB  cpu 1.07
  step  18 A   off/default r +0.117  job 402  ycsb   2000/s  c_idx    965 ns  mem   26.8 MB  cpu 1.09
  step  19 A   off/default r +0.090  job 391  ycsb   2000/s  c_idx    969 ns  mem   30.9 MB  cpu 1.06
  step  20 A   off/default r +0.135  job 375  ycsb   2000/s  c_idx    900 ns  mem   31.3 MB  cpu 1.07
  step  21 A   off/default r +0.158  job 407  ycsb   2000/s  c_idx    906 ns  mem   31.5 MB  cpu 1.09
  step  22 A   off/default r +0.137  job 405  ycsb   2000/s  c_idx    932 ns  mem   31.6 MB  cpu 1.07
  step  23 A   off/default r +0.151  job 383  ycsb   2000/s  c_idx    887 ns  mem   31.7 MB  cpu 1.09
  step  24 A   off/default r +0.149  job 386  ycsb   2000/s  c_idx    900 ns  mem   31.7 MB  cpu 1.07
  step  25 A   off/default r +0.150  job 389  ycsb   2000/s  c_idx    903 ns  mem   31.8 MB  cpu 1.06
  step  26 A   off/default r +0.168  job 423  ycsb   2000/s  c_idx    906 ns  mem   31.8 MB  cpu 1.08
  step  27 A   off/default r +0.158  job 393  ycsb   2000/s  c_idx    894 ns  mem   31.8 MB  cpu 1.08
  step  28 A   off/default r +0.151  job 390  ycsb   2000/s  c_idx    901 ns  mem   31.8 MB  cpu 1.08
  step  29 A   off/default r +0.146  job 383  ycsb   2000/s  c_idx    903 ns  mem   31.9 MB  cpu 1.08
  step  30 B   off/default r +0.312  job 238  ycsb  17068/s  c_idx    525 ns  mem   41.3 MB  cpu 0.80
  step  31 B   off/default r +0.292  job 227  ycsb  16974/s  c_idx    529 ns  mem   44.5 MB  cpu 0.79
  step  32 B   off/default r +0.234  job 227  ycsb  16977/s  c_idx    577 ns  mem   56.8 MB  cpu 0.79
  step  33 B   off/default r +0.172  job 236  ycsb  17173/s  c_idx    633 ns  mem   68.5 MB  cpu 0.79
  step  34 B   off/default r +0.273  job 224  ycsb  17091/s  c_idx    536 ns  mem   74.1 MB  cpu 0.79
  step  35 B   off/default r +0.267  job 229  ycsb  17101/s  c_idx    549 ns  mem   75.5 MB  cpu 0.79
  step  36 B   off/default r +0.119  job 234  ycsb  17079/s  c_idx    746 ns  mem   96.4 MB  cpu 0.79
  step  37 B   off/default r +0.257  job 221  ycsb  16970/s  c_idx    554 ns  mem   97.5 MB  cpu 0.79
  step  38 B   off/default r +0.259  job 236  ycsb  17116/s  c_idx    573 ns  mem   99.1 MB  cpu 0.79
  step  39 B   off/default r +0.134  job 230  ycsb  17021/s  c_idx    678 ns  mem  126.0 MB  cpu 0.79
  step  40 B   off/default r +0.247  job 221  ycsb  17075/s  c_idx    568 ns  mem  127.7 MB  cpu 0.79
  step  41 B   off/default r +0.243  job 230  ycsb  16823/s  c_idx    593 ns  mem  128.7 MB  cpu 0.79
  step  42 B   off/default r +0.238  job 223  ycsb  17053/s  c_idx    597 ns  mem  130.3 MB  cpu 0.79
  step  43 B   off/default r +0.056  job 225  ycsb  16999/s  c_idx    754 ns  mem  161.3 MB  cpu 0.79
  step  44 B   off/default r +0.220  job 236  ycsb  17025/s  c_idx    621 ns  mem  167.5 MB  cpu 0.79
  step  45 B   off/default r +0.247  job 225  ycsb  17142/s  c_idx    577 ns  mem  168.7 MB  cpu 0.79
  step  46 B   off/default r +0.243  job 230  ycsb  17143/s  c_idx    583 ns  mem  169.7 MB  cpu 0.79
  step  47 B   off/default r +0.238  job 231  ycsb  17134/s  c_idx    598 ns  mem  171.0 MB  cpu 0.79
  step  48 B   off/default r +0.004  job 218  ycsb  16999/s  c_idx    895 ns  mem  182.0 MB  cpu 0.79
  step  49 B   off/default r +0.094  job 237  ycsb  17069/s  c_idx    713 ns  mem  222.9 MB  cpu 0.79
  step  50 B   off/default r +0.228  job 228  ycsb  16995/s  c_idx    587 ns  mem  225.8 MB  cpu 0.79
  step  51 B   off/default r +0.205  job 222  ycsb  16895/s  c_idx    617 ns  mem  227.0 MB  cpu 0.79
  step  52 B   off/default r +0.238  job 236  ycsb  17029/s  c_idx    598 ns  mem  227.9 MB  cpu 0.79
  step  53 B   off/default r +0.232  job 224  ycsb  16956/s  c_idx    602 ns  mem  228.9 MB  cpu 0.79
  step  54 B   off/default r +0.209  job 226  ycsb  17048/s  c_idx    615 ns  mem  230.2 MB  cpu 0.79
  step  55 B   off/default r +0.218  job 235  ycsb  17044/s  c_idx    628 ns  mem  233.1 MB  cpu 0.79
  step  56 B   off/default r +0.140  job 226  ycsb  17074/s  c_idx    665 ns  mem  263.1 MB  cpu 0.79
  step  57 B   off/default r +0.075  job 232  ycsb  17049/s  c_idx    730 ns  mem  295.2 MB  cpu 0.79
  step  58 B   off/default r +0.205  job 230  ycsb  17066/s  c_idx    598 ns  mem  298.0 MB  cpu 0.79
  step  59 B   off/default r +0.229  job 221  ycsb  17047/s  c_idx    591 ns  mem  299.3 MB  cpu 0.79
  -> return +11.07, mean reward +0.185, 1 switches, actions {'off/default': 60}

[29/30] arm both, seed 2003, repeat 1: index of 1000000 keys built in 1.04 s
  step   0 A  auto/default r -0.034  job 269  ycsb   2000/s  c_idx    833 ns  mem   24.7 MB  cpu 1.06
  step   1 A  auto/default r +0.001  job 234  ycsb   2000/s  c_idx    775 ns  mem   24.7 MB  cpu 1.06
  step   2 A  auto/default r -0.013  job 272  ycsb   2000/s  c_idx    796 ns  mem   24.7 MB  cpu 1.05
  step   3 A  auto/default r -0.006  job 239  ycsb   2000/s  c_idx    785 ns  mem   24.7 MB  cpu 1.06
  step   4 A  auto/default r +0.001  job 272  ycsb   2000/s  c_idx    807 ns  mem   24.7 MB  cpu 1.07
  step   5 A  auto/default r +0.006  job 249  ycsb   2000/s  c_idx    788 ns  mem   24.7 MB  cpu 1.05
  step   6 A  auto/default r -0.011  job 265  ycsb   2000/s  c_idx    800 ns  mem   24.7 MB  cpu 1.05
  step   7 A  auto/default r +0.001  job 260  ycsb   2000/s  c_idx    806 ns  mem   24.7 MB  cpu 1.03
  step   8 A  auto/default r +0.004  job 260  ycsb   2000/s  c_idx    788 ns  mem   24.7 MB  cpu 1.06
  step   9 A  auto/default r -0.005  job 258  ycsb   2000/s  c_idx    812 ns  mem   24.8 MB  cpu 1.06
  step  10 A  auto/default r -0.006  job 257  ycsb   2000/s  c_idx    795 ns  mem   24.8 MB  cpu 1.07
  step  11 A  auto/default r +0.008  job 263  ycsb   2000/s  c_idx    793 ns  mem   24.8 MB  cpu 1.05
  step  12 A  auto/default r -0.014  job 255  ycsb   2000/s  c_idx    803 ns  mem   24.8 MB  cpu 1.06
  step  13 A  auto/default r -0.005  job 258  ycsb   2000/s  c_idx    801 ns  mem   24.8 MB  cpu 1.07
  step  14 A  auto/default r -0.002  job 253  ycsb   2000/s  c_idx    808 ns  mem   24.9 MB  cpu 1.06
  step  15 A  auto/default r -0.011  job 263  ycsb   2000/s  c_idx    809 ns  mem   25.0 MB  cpu 1.06
  step  16 A  auto/default r +0.008  job 252  ycsb   2000/s  c_idx    795 ns  mem   25.0 MB  cpu 1.06
  step  17 A  auto/default r -0.014  job 266  ycsb   2000/s  c_idx    827 ns  mem   25.2 MB  cpu 1.06
  step  18 A  auto/default r -0.026  job 241  ycsb   2000/s  c_idx    821 ns  mem   25.8 MB  cpu 1.06
  step  19 A  auto/default r -0.074  job 271  ycsb   2000/s  c_idx    916 ns  mem   29.6 MB  cpu 1.05
  step  20 A  auto/default r -0.054  job 236  ycsb   2000/s  c_idx    871 ns  mem   31.0 MB  cpu 1.05
  step  21 A  auto/default r -0.044  job 268  ycsb   2000/s  c_idx    856 ns  mem   31.3 MB  cpu 1.03
  step  22 A  auto/default r -0.030  job 242  ycsb   2000/s  c_idx    841 ns  mem   31.5 MB  cpu 1.06
  step  23 A  auto/default r -0.030  job 271  ycsb   2000/s  c_idx    849 ns  mem   31.6 MB  cpu 1.05
  step  24 A  auto/default r -0.043  job 240  ycsb   2000/s  c_idx    862 ns  mem   31.7 MB  cpu 1.05
  step  25 A  auto/default r -0.046  job 255  ycsb   2000/s  c_idx    852 ns  mem   31.7 MB  cpu 1.06
  step  26 A  auto/default r -0.031  job 255  ycsb   2000/s  c_idx    852 ns  mem   31.8 MB  cpu 1.06
  step  27 A  auto/default r -0.043  job 261  ycsb   2000/s  c_idx    878 ns  mem   31.8 MB  cpu 1.06
  step  28 A  auto/default r -0.117  job 259  ycsb   2000/s  c_idx    985 ns  mem   33.8 MB  cpu 1.08
  step  29 A  auto/default r -0.072  job 261  ycsb   2000/s  c_idx    886 ns  mem   33.9 MB  cpu 1.05
  step  30 B  auto/default r +0.035  job 148  ycsb  16138/s  c_idx    563 ns  mem   43.1 MB  cpu 0.79
  step  31 B  auto/default r +0.077  job 142  ycsb  16228/s  c_idx    514 ns  mem   44.2 MB  cpu 0.78
  step  32 B  auto/default r +0.011  job 146  ycsb  16081/s  c_idx    590 ns  mem   56.7 MB  cpu 0.77
  step  33 B  auto/default r +0.049  job 146  ycsb  16286/s  c_idx    545 ns  mem   58.2 MB  cpu 0.78
  step  34 B  auto/default r +0.026  job 148  ycsb  16109/s  c_idx    582 ns  mem   73.9 MB  cpu 0.77
  step  35 B  auto/default r +0.052  job 149  ycsb  16152/s  c_idx    551 ns  mem   74.9 MB  cpu 0.78
  step  36 B  auto/default r -0.041  job 148  ycsb  16088/s  c_idx    659 ns  mem   95.5 MB  cpu 0.77
  step  37 B  auto/default r +0.006  job 142  ycsb  15900/s  c_idx    586 ns  mem   97.1 MB  cpu 0.76
  step  38 B  auto/default r +0.051  job 148  ycsb  16079/s  c_idx    565 ns  mem   98.1 MB  cpu 0.77
  step  39 B  auto/default r -0.005  job 148  ycsb  16074/s  c_idx    620 ns  mem  105.8 MB  cpu 0.78
  step  40 B  auto/default r -0.059  job 146  ycsb  15946/s  c_idx    681 ns  mem  126.9 MB  cpu 0.78
  step  41 B  auto/default r +0.049  job 148  ycsb  16011/s  c_idx    565 ns  mem  128.0 MB  cpu 0.77
  step  42 B  auto/default r +0.033  job 148  ycsb  16053/s  c_idx    579 ns  mem  129.0 MB  cpu 0.78
  step  43 B  auto/default r +0.011  job 148  ycsb  16068/s  c_idx    604 ns  mem  131.1 MB  cpu 0.77
  step  44 B  auto/default r -0.160  job 148  ycsb  16053/s  c_idx    841 ns  mem  165.0 MB  cpu 0.78
  step  45 B  auto/default r +0.022  job 145  ycsb  15993/s  c_idx    578 ns  mem  167.9 MB  cpu 0.77
  step  46 B  auto/default r +0.040  job 147  ycsb  16004/s  c_idx    574 ns  mem  168.9 MB  cpu 0.78
  step  47 B  auto/default r +0.001  job 147  ycsb  15853/s  c_idx    605 ns  mem  169.8 MB  cpu 0.78
  step  48 B  auto/default r +0.012  job 147  ycsb  16010/s  c_idx    596 ns  mem  171.0 MB  cpu 0.78
  step  49 B  auto/default r +0.008  job 148  ycsb  16065/s  c_idx    614 ns  mem  173.9 MB  cpu 0.78
  step  50 B  auto/default r -0.232  job 147  ycsb  16039/s  c_idx    953 ns  mem  219.1 MB  cpu 0.77
  step  51 B  auto/default r +0.013  job 144  ycsb  16113/s  c_idx    593 ns  mem  225.6 MB  cpu 0.77
  step  52 B  auto/default r +0.025  job 148  ycsb  16052/s  c_idx    587 ns  mem  226.8 MB  cpu 0.77
  step  53 B  auto/default r +0.022  job 149  ycsb  15994/s  c_idx    587 ns  mem  227.8 MB  cpu 0.77
  step  54 B  auto/default r +0.009  job 146  ycsb  16054/s  c_idx    600 ns  mem  228.7 MB  cpu 0.77
  step  55 B  auto/default r +0.001  job 143  ycsb  15908/s  c_idx    606 ns  mem  229.8 MB  cpu 0.78
  step  56 B  auto/default r -0.008  job 146  ycsb  15980/s  c_idx    624 ns  mem  231.4 MB  cpu 0.78
  step  57 B  auto/default r -0.071  job 142  ycsb  15912/s  c_idx    680 ns  mem  237.8 MB  cpu 0.77
  step  58 B  auto/default r -0.222  job 148  ycsb  15947/s  c_idx    914 ns  mem  286.1 MB  cpu 0.78
  step  59 B  auto/default r -0.001  job 146  ycsb  16001/s  c_idx    602 ns  mem  296.6 MB  cpu 0.78
  -> return -0.95, mean reward -0.016, 0 switches, actions {'auto/default': 60}

[30/30] arm ga, seed 2003, repeat 1: index of 1000000 keys built in 1.06 s
  step   0 A   off/default r +0.148  job 433  ycsb   2000/s  c_idx    856 ns  mem   24.7 MB  cpu 1.08
  step   1 A   off/default r +0.191  job 408  ycsb   2000/s  c_idx    850 ns  mem   24.7 MB  cpu 1.09
  step   2 A   off/default r +0.176  job 388  ycsb   2000/s  c_idx    847 ns  mem   24.7 MB  cpu 1.07
  step   3 A   off/default r +0.164  job 364  ycsb   2000/s  c_idx    850 ns  mem   24.7 MB  cpu 1.08
  step   4 A   off/default r +0.187  job 404  ycsb   2000/s  c_idx    849 ns  mem   24.7 MB  cpu 1.09
  step   5 A   off/default r +0.163  job 411  ycsb   2000/s  c_idx    895 ns  mem   24.7 MB  cpu 1.08
  step   6 A   off/default r +0.175  job 388  ycsb   2000/s  c_idx    858 ns  mem   24.7 MB  cpu 1.07
  step   7 A   off/default r +0.178  job 392  ycsb   2000/s  c_idx    848 ns  mem   24.7 MB  cpu 1.09
  step   8 A   off/default r +0.186  job 399  ycsb   2000/s  c_idx    853 ns  mem   24.7 MB  cpu 1.08
  step   9 A   off/default r +0.195  job 429  ycsb   2000/s  c_idx    861 ns  mem   24.7 MB  cpu 1.07
  step  10 A   off/default r +0.192  job 394  ycsb   2000/s  c_idx    842 ns  mem   24.8 MB  cpu 1.06
  step  11 A   off/default r +0.174  job 389  ycsb   2000/s  c_idx    852 ns  mem   24.8 MB  cpu 1.09
  step  12 A   off/default r +0.168  job 381  ycsb   2000/s  c_idx    864 ns  mem   24.8 MB  cpu 1.07
  step  13 A   off/default r +0.194  job 420  ycsb   2000/s  c_idx    853 ns  mem   24.9 MB  cpu 1.06
  step  14 A   off/default r +0.164  job 393  ycsb   2000/s  c_idx    888 ns  mem   24.9 MB  cpu 1.08
  step  15 A   off/default r +0.169  job 390  ycsb   2000/s  c_idx    866 ns  mem   24.9 MB  cpu 1.07
  step  16 A   off/default r +0.170  job 383  ycsb   2000/s  c_idx    865 ns  mem   25.1 MB  cpu 1.09
  step  17 A   off/default r +0.180  job 419  ycsb   2000/s  c_idx    873 ns  mem   25.4 MB  cpu 1.07
  step  18 A   off/default r +0.128  job 401  ycsb   2000/s  c_idx    935 ns  mem   26.9 MB  cpu 1.08
  step  19 A   off/default r +0.056  job 387  ycsb   2000/s  c_idx   1035 ns  mem   30.7 MB  cpu 1.09
  step  20 A   off/default r +0.122  job 378  ycsb   2000/s  c_idx    927 ns  mem   31.3 MB  cpu 1.07
  step  21 A   off/default r +0.161  job 409  ycsb   2000/s  c_idx    903 ns  mem   31.5 MB  cpu 1.09
  step  22 A   off/default r +0.187  job 404  ycsb   2000/s  c_idx    849 ns  mem   31.6 MB  cpu 1.08
  step  23 A   off/default r +0.166  job 390  ycsb   2000/s  c_idx    873 ns  mem   31.7 MB  cpu 1.10
  step  24 A   off/default r +0.147  job 386  ycsb   2000/s  c_idx    895 ns  mem   31.7 MB  cpu 1.06
  step  25 A   off/default r +0.171  job 386  ycsb   2000/s  c_idx    864 ns  mem   31.8 MB  cpu 1.08
  step  26 A   off/default r +0.174  job 409  ycsb   2000/s  c_idx    891 ns  mem   31.8 MB  cpu 1.08
  step  27 A   off/default r +0.149  job 395  ycsb   2000/s  c_idx    921 ns  mem   31.8 MB  cpu 1.09
  step  28 A   off/default r +0.150  job 404  ycsb   2000/s  c_idx    910 ns  mem   31.9 MB  cpu 1.08
  step  29 A   off/default r +0.143  job 402  ycsb   2000/s  c_idx    920 ns  mem   31.9 MB  cpu 1.07
  step  30 B   off/default r +0.265  job 231  ycsb  17042/s  c_idx    563 ns  mem   41.3 MB  cpu 0.80
  step  31 B   off/default r +0.303  job 222  ycsb  17095/s  c_idx    514 ns  mem   44.5 MB  cpu 0.79
  step  32 B   off/default r +0.226  job 234  ycsb  16807/s  c_idx    593 ns  mem   56.8 MB  cpu 0.79
  step  33 B   off/default r +0.209  job 228  ycsb  17089/s  c_idx    573 ns  mem   68.4 MB  cpu 0.79
  step  34 B   off/default r +0.265  job 226  ycsb  17082/s  c_idx    552 ns  mem   74.1 MB  cpu 0.79
  step  35 B   off/default r +0.268  job 236  ycsb  17128/s  c_idx    553 ns  mem   75.4 MB  cpu 0.79
  step  36 B   off/default r +0.179  job 223  ycsb  17079/s  c_idx    651 ns  mem   96.4 MB  cpu 0.79
  step  37 B   off/default r +0.267  job 227  ycsb  17152/s  c_idx    547 ns  mem   97.5 MB  cpu 0.79
  step  38 B   off/default r +0.271  job 245  ycsb  17099/s  c_idx    575 ns  mem   98.9 MB  cpu 0.79
  step  39 B   off/default r +0.151  job 221  ycsb  17056/s  c_idx    642 ns  mem  126.0 MB  cpu 0.79
  step  40 B   off/default r +0.262  job 229  ycsb  17054/s  c_idx    564 ns  mem  127.8 MB  cpu 0.79
  step  41 B   off/default r +0.260  job 231  ycsb  17080/s  c_idx    573 ns  mem  128.7 MB  cpu 0.79
  step  42 B   off/default r +0.219  job 219  ycsb  16840/s  c_idx    614 ns  mem  130.2 MB  cpu 0.79
  step  43 B   off/default r -0.006  job 240  ycsb  16997/s  c_idx    886 ns  mem  161.5 MB  cpu 0.79
  step  44 B   off/default r +0.247  job 229  ycsb  17072/s  c_idx    579 ns  mem  167.5 MB  cpu 0.79
  step  45 B   off/default r +0.245  job 225  ycsb  17058/s  c_idx    580 ns  mem  168.7 MB  cpu 0.79
  step  46 B   off/default r +0.248  job 235  ycsb  17062/s  c_idx    587 ns  mem  169.7 MB  cpu 0.79
  step  47 B   off/default r +0.238  job 228  ycsb  17035/s  c_idx    599 ns  mem  170.9 MB  cpu 0.79
  step  48 B   off/default r +0.180  job 228  ycsb  17057/s  c_idx    645 ns  mem  182.0 MB  cpu 0.79
  step  49 B   off/default r +0.069  job 241  ycsb  16877/s  c_idx    752 ns  mem  222.2 MB  cpu 0.79
  step  50 B   off/default r +0.223  job 222  ycsb  17045/s  c_idx    592 ns  mem  225.7 MB  cpu 0.79
  step  51 B   off/default r +0.228  job 228  ycsb  16992/s  c_idx    597 ns  mem  227.0 MB  cpu 0.79
  step  52 B   off/default r +0.210  job 226  ycsb  16752/s  c_idx    619 ns  mem  227.9 MB  cpu 0.79
  step  53 B   off/default r +0.230  job 220  ycsb  17049/s  c_idx    600 ns  mem  228.8 MB  cpu 0.79
  step  54 B   off/default r +0.229  job 241  ycsb  17105/s  c_idx    610 ns  mem  230.2 MB  cpu 0.79
  step  55 B   off/default r +0.184  job 231  ycsb  17125/s  c_idx    672 ns  mem  235.1 MB  cpu 0.79
  step  56 B   off/default r +0.020  job 226  ycsb  17001/s  c_idx    853 ns  mem  264.2 MB  cpu 0.79
  step  57 B   off/default r +0.067  job 235  ycsb  17036/s  c_idx    751 ns  mem  295.2 MB  cpu 0.79
  step  58 B   off/default r +0.210  job 228  ycsb  17098/s  c_idx    592 ns  mem  297.9 MB  cpu 0.79
  step  59 B   off/default r +0.229  job 227  ycsb  17109/s  c_idx    597 ns  mem  299.3 MB  cpu 0.79
  -> return +11.13, mean reward +0.185, 1 switches, actions {'off/default': 60}

30 episode summaries in runs/imdb/eval/episodes.json; steps in runs/imdb/eval/steps.jsonl

===== [2026-10-04 17:36:26] report =====
report written to runs/imdb/report.md and runs/imdb/summary.json
  none         episodes 6  q_J 7.744 ± 0.018  c_idx 644 ± 15 ns  mem 299.5 ± 0.2 MB  CPU 3.74 ± 0.00 cores  reward 0.191 ± 0.008
  nqo          episodes 6  q_J 4.994 ± 0.017  c_idx 661 ± 16 ns  mem 297.6 ± 3.3 MB  CPU 3.60 ± 0.01 cores  reward -0.020 ± 0.009
  selix        episodes 6  q_J 7.733 ± 0.035  c_idx 650 ± 13 ns  mem 299.5 ± 0.2 MB  CPU 3.74 ± 0.00 cores  reward 0.185 ± 0.010
  both         episodes 6  q_J 4.992 ± 0.025  c_idx 653 ± 12 ns  mem 295.6 ± 1.7 MB  CPU 3.60 ± 0.00 cores  reward -0.014 ± 0.011
  ga           episodes 6  q_J 7.742 ± 0.022  c_idx 637 ± 16 ns  mem 300.9 ± 3.3 MB  CPU 3.74 ± 0.00 cores  reward 0.190 ± 0.008
